1784774656,0,0,0,0.00,0,0,0,0
1784774657,8,0,16,360.00,16,0,2,0
1784774658,8,0,3016,360.00,2491,525,377,0
1784774659,8,0,3024,360.00,2508,516,378,0
1784774660,8,0,3024,360.00,2519,505,378,0
1784774661,8,0,3016,360.00,2503,513,377,0
1784774662,8,0,3024,359.29,2512,512,378,0
1784774663,8,0,3024,359.71,2502,522,378,0
1784774664,8,0,3016,360.00,2490,526,377,0
1784774665,8,0,3024,359.90,2495,529,378,0
1784774666,8,0,3024,360.13,2489,535,378,0
1784774667,8,0,3024,359.92,2471,553,378,0
1784774668,8,0,3024,359.00,2500,524,378,0
1784774669,8,0,3024,359.41,2497,527,378,0
1784774670,8,0,3024,359.92,2491,533,378,0
1784774671,8,0,3016,359.67,2492,524,377,0
1784774672,8,0,3024,359.44,2490,534,378,0
1784774673,8,0,3024,360.00,2506,518,378,0
1784774674,8,0,3032,360.00,2506,526,379,0
1784774675,8,0,3016,360.00,2524,492,377,0
1784774676,8,0,3024,360.00,2494,530,378,0
1784774677,8,0,3024,359.61,2458,566,378,0
1784774678,8,0,3024,359.16,2506,518,378,0
1784774679,8,0,3024,358.61,2485,539,378,0
1784774680,8,0,3016,359.00,2498,518,377,0
1784774681,8,0,3024,360.11,2507,517,378,0
1784774682,8,0,3024,360.80,2509,515,378,0
1784774683,8,0,3024,359.50,2507,517,378,0
1784774684,8,0,3024,359.98,2518,506,378,0
1784774685,8,0,3016,359.72,2509,507,377,0
1784774686,8,0,3024,359.35,2491,533,378,0
1784774687,8,0,3024,359.74,2501,523,378,0
1784774688,8,0,3024,359.83,2504,520,378,0
1784774689,8,0,3024,360.00,2505,519,378,0
1784774690,8,0,3024,359.54,2499,525,378,0
1784774691,8,0,3016,360.00,2476,540,377,0
1784774692,8,0,3032,359.60,2493,539,379,0
1784774693,8,0,2992,359.60,2472,520,374,0
1784774694,8,0,3048,360.00,2514,534,381,0
1784774695,8,0,3024,360.42,2495,529,378,0
1784774696,8,0,3024,359.59,2499,525,378,0
1784774697,8,0,3032,359.06,2519,513,379,0
1784774698,8,0,3016,360.00,2462,554,377,0
1784774699,8,0,3024,360.00,2504,520,378,0
1784774700,8,0,3024,360.00,2490,534,378,0
1784774701,8,0,3016,359.48,2486,530,377,0
1784774702,8,0,3040,359.93,2521,519,380,0
1784774703,8,0,3024,360.00,2511,513,378,0
1784774704,8,0,3040,359.31,2532,508,380,0
1784774705,8,0,3024,359.80,2516,508,378,0
1784774706,8,0,3024,360.00,2502,522,378,0
1784774707,8,0,3024,360.00,2514,510,378,0
1784774708,8,0,3024,360.00,2498,526,378,0
1784774709,8,0,3024,359.57,2477,547,378,0
1784774710,8,0,3024,359.15,2496,528,378,0
1784774711,8,0,3032,360.00,2470,562,379,0
1784774712,8,0,3016,359.67,2520,496,377,0
1784774713,8,0,3024,359.52,2504,520,378,0
1784774714,8,0,3024,359.29,2483,541,378,0
1784774715,8,0,3024,360.64,2490,534,378,0
1784774716,8,0,3024,360.39,2490,534,378,0
1784774717,8,0,3024,359.00,2492,532,378,0
1784774718,8,0,3032,359.43,2518,514,379,0
1784774719,8,0,3032,360.00,2499,533,379,0
1784774720,8,0,3024,360.00,2489,535,378,0
1784774721,8,0,3032,359.87,2506,526,379,0
1784774722,8,0,3024,359.60,2495,529,378,0
1784774723,8,0,3016,359.51,2501,515,377,0
1784774724,8,0,3024,359.32,2521,503,378,0
1784774725,8,0,3040,360.00,2522,518,380,0
1784774726,8,0,3016,360.07,2488,528,377,0
1784774727,8,0,3032,360.66,2487,545,379,0
1784774728,8,0,3024,360.00,2518,506,378,0
1784774729,8,0,3016,359.46,2495,521,377,0
1784774730,8,0,3024,359.00,2520,504,378,0
1784774731,8,0,3024,359.77,2506,518,378,0
1784774732,8,0,3024,360.00,2515,509,378,0
1784774733,8,0,3024,359.55,2492,532,378,0
1784774734,8,0,3016,360.31,2509,507,377,0
1784774735,8,0,3024,360.53,2489,535,378,0
1784774736,8,0,3024,359.21,2518,506,378,0
1784774737,8,0,3024,359.34,2496,528,378,0
1784774738,8,0,3024,359.60,2479,545,378,0
1784774739,8,0,3016,359.11,2472,544,377,0
1784774740,8,0,3040,359.74,2516,524,380,0
1784774741,8,0,3024,360.00,2491,533,378,0
1784774742,8,0,3032,360.30,2494,538,379,0
1784774743,8,0,3016,359.40,2481,535,377,0
1784774744,8,0,3032,359.67,2487,545,379,0
1784774745,8,0,3016,360.00,2506,510,377,0
1784774746,8,0,3032,359.66,2513,519,379,0
1784774747,8,0,3024,359.00,2488,536,378,0
1784774748,8,0,3008,359.91,2495,513,376,0
1784774749,8,0,3040,360.00,2522,518,380,0
1784774750,8,0,3032,359.03,2532,500,379,0
1784774751,8,0,3024,359.00,2523,501,378,0
1784774752,8,0,3016,359.75,2509,507,377,0
1784774753,8,0,3024,360.65,2504,520,378,0
1784774754,8,0,3032,360.35,2523,509,379,0
1784774755,8,0,3024,359.05,2514,510,378,0
1784774756,8,0,3024,359.00,2523,501,378,0
1784774757,8,0,3032,359.50,2526,506,379,0
1784774758,8,0,3032,360.68,2530,502,379,0
1784774759,8,0,3016,360.63,2520,496,377,0
1784774760,8,0,3024,358.78,2516,508,378,0
1784774761,8,0,3016,359.21,2516,500,377,0
1784774762,8,0,3040,360.00,2535,505,380,0
1784774763,8,0,3024,360.00,2506,518,378,0
1784774764,8,0,3024,360.00,2528,496,378,0
1784774765,8,0,3024,359.42,2514,510,378,0
1784774766,8,0,3024,359.81,2499,525,378,0
1784774767,8,0,3024,359.27,2507,517,378,0
1784774768,8,0,3024,360.00,2511,513,378,0
1784774769,8,0,3024,360.00,2509,515,378,0
1784774770,8,0,3040,359.58,2536,504,380,0
1784774771,8,0,3008,359.93,2466,542,376,0
1784774772,8,0,3032,359.76,2505,527,379,0
1784774773,8,0,3048,359.66,2498,550,381,0
1784774774,8,0,3024,359.51,2491,533,378,0
1784774775,8,0,3024,360.18,2507,517,378,0
1784774776,8,0,3032,359.61,2493,539,379,0
1784774777,8,0,3024,359.46,2508,516,378,0
1784774778,8,0,3032,360.00,2514,518,379,0
1784774779,8,0,3040,360.00,2507,533,380,0
1784774780,8,0,3048,359.97,2522,526,381,0
1784774781,8,0,3016,359.31,2480,536,377,0
1784774782,8,0,3024,359.52,2499,525,378,0
1784774783,8,0,3024,360.00,2506,518,378,0
1784774784,8,0,3024,359.35,2482,542,378,0
1784774785,8,0,3024,360.00,2503,521,378,0
1784774786,8,0,3024,360.00,2493,531,378,0
1784774787,8,0,3024,359.88,2506,518,378,0
1784774788,8,0,3024,360.11,2510,514,378,0
1784774789,8,0,3016,359.62,2486,530,377,0
1784774790,8,0,3048,359.00,2481,567,381,0
1784774791,8,0,3016,359.65,2460,556,377,0
1784774792,8,0,3040,360.00,2487,553,380,0
1784774793,8,0,3040,359.48,2493,547,380,0
1784774794,8,0,3040,359.08,2534,506,380,0
1784774795,8,0,3024,360.26,2464,560,378,0
1784774796,8,0,3032,352.43,1505,1527,379,0
1784774797,8,0,3040,282.78,1414,1626,380,0
1784774798,8,0,3024,331.13,1986,1038,378,0
1784774799,8,0,3024,453.68,2544,480,378,0
1784774800,8,0,3024,406.76,2508,516,378,0
1784774801,8,0,3024,346.85,2482,542,378,0
1784774802,8,0,3032,336.60,2494,538,379,0
1784774803,8,0,3032,357.84,2421,611,379,0
1784774804,8,0,3016,361.57,1663,1353,377,0
1784774805,8,0,3024,362.90,1622,1402,378,0
1784774806,8,0,3024,361.78,1701,1323,378,0
1784774807,8,0,3024,358.34,1750,1274,378,0
1784774808,8,0,3016,358.72,1726,1290,377,0
1784774809,8,0,3032,359.96,1751,1281,379,0
1784774810,8,0,3024,360.00,2391,633,378,0
1784774811,8,0,3024,360.00,1929,1095,378,0
1784774812,8,0,3024,360.00,2118,906,378,0
1784774813,8,0,3024,360.00,2378,646,378,0
1784774814,8,0,3024,359.98,2133,891,378,0
1784774815,8,0,3040,360.00,2124,916,380,0
1784774816,8,0,3024,360.00,2159,865,378,0
1784774817,8,0,3032,360.00,2157,875,379,0
1784774818,8,0,3040,359.76,2240,800,380,0
1784774819,8,0,3024,359.07,2143,881,378,0
1784774820,8,0,3024,359.55,2246,778,378,0
1784774821,8,0,3024,359.87,2353,671,378,0
1784774822,8,0,3024,359.44,2194,830,378,0
1784774823,8,0,3016,360.43,2188,828,377,0
1784774824,8,0,3024,360.58,2243,781,378,0
1784774825,8,0,3032,359.71,2246,786,379,0
1784774826,8,0,3016,359.00,2248,768,377,0
1784774827,8,0,3024,359.86,2406,618,378,0
1784774828,8,0,3040,360.00,2459,581,380,0
1784774829,8,0,3016,360.00,2234,782,377,0
1784774830,8,0,3024,359.01,2320,704,378,0
1784774831,8,0,3024,359.83,2321,703,378,0
1784774832,8,0,3024,360.04,2355,669,378,0
1784774833,8,0,3024,360.00,2351,673,378,0
1784774834,8,0,3024,359.96,2321,703,378,0
1784774835,8,0,3016,359.15,2329,687,377,0
1784774836,8,0,3040,359.69,2448,592,380,0
1784774837,8,0,3032,360.00,2327,705,379,0
1784774838,8,0,3016,360.00,2550,466,377,0
1784774839,8,0,3040,360.00,2630,410,380,0
1784774840,8,0,3032,360.22,2559,473,379,0
1784774841,8,0,3040,359.93,2281,759,380,0
1784774842,8,0,3032,359.00,2143,889,379,0
1784774843,8,0,3016,359.41,2047,969,377,0
1784774844,8,0,3032,359.94,2097,935,379,0
1784774845,8,0,3016,360.22,2097,919,377,0
1784774846,8,0,3024,359.50,2135,889,378,0
1784774847,8,0,3024,359.66,2147,877,378,0
1784774848,8,0,3024,359.60,1799,1225,378,0
1784774849,8,0,3032,359.70,1600,1432,379,0
1784774850,8,0,3016,359.71,1427,1589,377,0
1784774851,8,0,3024,359.70,2253,771,378,0
1784774852,8,0,3024,359.44,2451,573,378,0
1784774853,8,0,3024,360.02,2506,518,378,0
1784774854,8,0,3032,360.42,2474,558,379,0
1784774855,8,0,3048,359.58,2499,549,381,0
1784774856,8,0,3016,359.00,2489,527,377,0
1784774857,8,0,3024,359.81,2517,507,378,0
1784774858,8,0,3032,360.00,2639,393,379,0
1784774859,8,0,3032,360.00,2334,698,379,0
1784774860,8,0,3024,359.66,2234,790,378,0
1784774862,8,0,3024,359.58,2018,1006,378,0
1784774863,8,0,3024,360.00,1935,1089,378,0
1784774864,8,0,3024,359.42,1905,1119,378,0
1784774865,8,0,3016,359.83,1890,1126,377,0
1784774866,8,0,3024,360.00,1832,1192,378,0
1784774867,8,0,3024,360.00,2020,1004,378,0
1784774868,8,0,3024,360.00,2124,900,378,0
1784774869,8,0,3024,358.22,2062,962,378,0
1784774870,8,0,3016,357.82,2053,963,377,0
1784774871,8,0,3024,360.57,2038,986,378,0
1784774872,8,0,3032,360.34,2188,844,379,0
1784774873,8,0,3016,360.00,2471,545,377,0
1784774874,8,0,3016,360.00,2588,428,377,0
1784774875,8,0,3032,360.00,2573,459,379,0
1784774876,8,0,3056,360.00,2591,465,382,0
1784774877,8,0,3024,359.33,2549,475,378,0
1784774878,8,0,3016,359.18,2564,452,377,0
1784774879,8,0,3024,359.93,2570,454,378,0
1784774880,8,0,3024,360.15,2587,437,378,0
1784774881,8,0,3016,360.16,2599,417,377,0
1784774882,8,0,3032,360.00,2578,454,379,0
1784774883,8,0,3040,360.00,2569,471,380,0
1784774884,8,0,3016,360.00,2591,425,377,0
1784774885,8,0,3024,360.00,2580,444,378,0
1784774886,8,0,3024,359.61,2585,439,378,0
1784774887,8,0,3024,359.68,2570,454,378,0
1784774888,8,0,3032,359.31,2595,437,379,0
1784774889,8,0,3032,360.00,2571,461,379,0
1784774890,8,0,3016,359.78,2569,447,377,0
1784774891,8,0,3040,359.48,2579,461,380,0
1784774892,8,0,3024,359.96,2576,448,378,0
1784774893,8,0,3024,360.00,2582,442,378,0
1784774894,8,0,3016,360.00,2580,436,377,0
1784774895,8,0,3016,359.57,2585,431,377,0
1784774896,8,0,3072,359.30,2619,453,384,0
1784774897,8,0,3024,359.97,2589,435,378,0
1784774898,8,0,3032,359.36,2600,432,379,0
1784774899,8,0,3040,360.00,2631,409,380,0
1784774900,8,0,3016,360.03,2511,505,377,0
1784774901,8,0,3024,359.48,2485,539,378,0
1784774902,8,0,3040,359.00,2532,508,380,0
1784774903,8,0,3024,359.23,2500,524,378,0
1784774904,8,0,3040,360.52,2446,594,380,0
1784774905,8,0,3024,360.63,2464,560,378,0
1784774906,8,0,3016,359.93,2461,555,377,0
1784774907,8,0,3024,358.70,2481,543,378,0
1784774908,8,0,3040,359.79,2472,568,380,0
1784774909,8,0,3040,360.68,2481,559,380,0
1784774910,8,0,3024,359.64,2470,554,378,0
1784774911,8,0,3024,359.32,2495,529,378,0
1784774912,8,0,3016,359.29,2460,556,377,0
1784774913,8,0,3024,359.70,2455,569,378,0
1784774914,8,0,3032,360.00,2460,572,379,0
1784774915,8,0,3024,360.00,2449,575,378,0
1784774916,8,0,3016,359.85,2453,563,377,0
1784774917,8,0,3024,359.00,2450,574,378,0
1784774918,8,0,3032,359.93,2468,564,379,0
1784774919,8,0,3024,360.78,2473,551,378,0
1784774920,8,0,3016,359.57,2467,549,377,0
1784774921,8,0,3032,359.00,2487,545,379,0
1784774922,8,0,3032,359.49,2471,561,379,0
1784774923,8,0,3024,359.90,2472,552,378,0
1784774924,8,0,3024,359.14,2459,565,378,0
1784774925,8,0,3024,360.00,2473,551,378,0
1784774926,8,0,3032,360.00,2445,587,379,0
1784774927,8,0,3024,360.00,2457,567,378,0
1784774928,8,0,3024,360.00,2475,549,378,0
1784774929,8,0,3032,360.00,2471,561,379,0
1784774930,8,0,3016,359.85,2457,559,377,0
1784774931,8,0,3040,359.06,2481,559,380,0
1784774932,8,0,3024,360.00,2468,556,378,0
1784774933,8,0,3024,360.00,2471,553,378,0
1784774934,8,0,3024,360.00,2465,559,378,0
1784774935,8,0,3048,359.28,2478,570,381,0
1784774936,8,0,3032,359.96,2444,588,379,0
1784774937,8,0,3032,359.89,2463,569,379,0
1784774938,8,0,3032,360.16,2445,587,379,0
1784774939,8,0,3024,360.46,2459,565,378,0
1784774940,8,0,3024,359.80,2459,565,378,0
1784774941,8,0,3024,359.28,2459,565,378,0
1784774942,8,0,3024,359.60,2440,584,378,0
1784774943,8,0,3032,360.27,2452,580,379,0
1784774944,8,0,3024,360.62,2457,567,378,0
1784774945,8,0,3016,359.30,2432,584,377,0
1784774946,8,0,3048,359.00,2462,586,381,0
1784774947,8,0,3024,359.60,2463,561,378,0
1784774948,8,0,3024,360.00,2451,573,378,0
1784774949,8,0,3024,360.00,2442,582,378,0
1784774950,8,0,3056,359.89,2464,592,382,0
1784774951,8,0,3032,359.00,2450,582,379,0
1784774952,8,0,3032,359.76,2461,571,379,0
1784774953,8,0,3016,360.41,2435,581,377,0
1784774954,8,0,3040,359.63,2465,575,380,0
1784774955,8,0,3032,359.17,2465,567,379,0
1784774956,8,0,3016,359.08,2449,567,377,0
1784774957,8,0,3032,360.26,2444,588,379,0
1784774958,8,0,3032,360.00,2452,580,379,0
1784774959,8,0,3024,360.00,2450,574,378,0
1784774960,8,0,3024,359.42,2459,565,378,0
1784774961,8,0,3024,359.37,2433,591,378,0
1784774962,8,0,3016,359.72,2453,563,377,0
1784774963,8,0,3024,360.00,2459,565,378,0
1784774964,8,0,3016,360.00,2434,582,377,0
1784774965,8,0,3024,360.00,2457,567,378,0
1784774966,8,0,3024,359.62,2453,571,378,0
1784774967,8,0,3024,359.18,2462,562,378,0
1784774968,8,0,3016,360.00,2445,571,377,0
1784774969,8,0,3024,360.00,2459,565,378,0
1784774970,8,0,3032,360.00,2450,582,379,0
1784774971,8,0,3024,359.16,2458,566,378,0
1784774972,8,0,3024,359.28,2441,583,378,0
1784774973,8,0,3016,360.00,2417,599,377,0
1784774974,8,0,3024,360.00,2449,575,378,0
1784774975,8,0,3024,360.00,2452,572,378,0
1784774976,8,0,3032,360.00,2453,579,379,0
1784774977,8,0,3032,359.31,2451,581,379,0
1784774978,8,0,3024,359.76,2473,551,378,0
1784774979,8,0,3032,360.74,2461,571,379,0
1784774980,8,0,3040,360.34,2445,595,380,0
1784774981,8,0,3016,359.37,2445,571,377,0
1784774982,8,0,3024,359.00,2432,592,378,0
1784774983,8,0,3024,359.19,2426,598,378,0
1784774984,8,0,3024,360.00,2445,579,378,0
1784774985,8,0,3024,359.78,2453,571,378,0
1784774986,8,0,3024,359.77,2437,587,378,0
1784774987,8,0,3032,360.00,2451,581,379,0
1784774988,8,0,3016,360.00,2415,601,377,0
1784774989,8,0,3024,360.00,2445,579,378,0
1784774990,8,0,3024,360.00,2436,588,378,0
1784774991,8,0,3032,359.30,2437,595,379,0
1784774992,8,0,3024,359.50,2445,579,378,0
1784774993,8,0,3024,360.00,2457,567,378,0
1784774994,8,0,3024,359.97,2430,594,378,0
1784774995,8,0,3024,360.00,2438,586,378,0
1784774996,8,0,3024,360.00,2442,582,378,0
1784774997,8,0,3024,360.00,2438,586,378,0
1784774998,8,0,3024,359.62,2442,582,378,0
1784774999,8,0,3024,359.00,2456,568,378,0
1784775000,8,0,3032,359.44,2449,583,379,0
1784775001,8,0,3032,360.00,2433,599,379,0
1784775002,8,0,3024,360.00,2417,607,378,0
1784775003,8,0,3032,360.00,2444,588,379,0
1784775004,8,0,3024,359.10,2434,590,378,0
1784775005,8,0,3016,359.98,2431,585,377,0
1784775006,8,0,3024,359.72,2438,586,378,0
1784775007,8,0,3032,359.34,2447,585,379,0
1784775008,8,0,3024,360.00,2431,593,378,0
1784775009,8,0,3024,360.00,2435,589,378,0
1784775010,8,0,3016,360.00,2440,576,377,0
1784775011,8,0,3024,360.00,2440,584,378,0
1784775012,8,0,3032,360.00,2448,584,379,0
1784775013,8,0,3016,360.89,2463,553,377,0
1784775014,8,0,3016,359.56,2478,538,377,0
1784775015,8,0,3040,358.37,2505,535,380,0
1784775016,8,0,3024,359.52,2495,529,378,0
1784775017,8,0,3024,360.60,2494,530,378,0
1784775018,8,0,3016,360.05,2467,549,377,0
1784775019,8,0,3024,359.17,2463,561,378,0
1784775020,8,0,3024,359.00,2498,526,378,0
1784775021,8,0,3024,359.73,2501,523,378,0
1784775022,8,0,3024,360.00,2476,548,378,0
1784775023,8,0,3016,360.00,2470,546,377,0
1784775024,8,0,3032,359.97,2488,544,379,0
1784775025,8,0,3040,360.00,2487,553,380,0
1784775026,8,0,3024,359.93,2480,544,378,0
1784775027,8,0,3024,359.31,2478,546,378,0
1784775028,8,0,3016,359.00,2475,541,377,0
1784775029,8,0,3024,359.35,2489,535,378,0
1784775030,8,0,3024,360.32,2467,557,378,0
1784775031,8,0,3032,360.00,2482,550,379,0
1784775032,8,0,3032,359.96,2467,565,379,0
1784775033,8,0,3024,359.43,2495,529,378,0
1784775034,8,0,3024,359.99,2494,530,378,0
1784775035,8,0,3032,360.22,2475,557,379,0
1784775036,8,0,3024,359.90,2476,548,378,0
1784775037,8,0,3016,359.00,2478,538,377,0
1784775038,8,0,3024,359.80,2471,553,378,0
1784775039,8,0,3032,360.00,2479,553,379,0
1784775040,8,0,3024,359.92,2488,536,378,0
1784775041,8,0,3016,360.28,2470,546,377,0
1784775042,8,0,3040,359.86,2495,545,380,0
1784775043,8,0,3024,359.00,2481,543,378,0
1784775044,8,0,3040,359.68,2487,553,380,0
1784775045,8,0,3032,360.00,2473,559,379,0
1784775046,8,0,3024,360.00,2487,537,378,0
1784775047,8,0,3016,359.86,2454,562,377,0
1784775048,8,0,3032,360.32,2512,520,379,0
1784775049,8,0,3016,360.00,2461,555,377,0
1784775050,8,0,3024,359.36,2490,534,378,0
1784775051,8,0,3024,359.50,2489,535,378,0
1784775052,8,0,3040,359.94,2507,533,380,0
1784775053,8,0,3024,360.00,2489,535,378,0
1784775054,8,0,3024,360.00,2476,548,378,0
1784775055,8,0,3032,359.61,2501,531,379,0
1784775056,8,0,3024,359.72,2483,541,378,0
1784775057,8,0,3024,359.54,2502,522,378,0
1784775058,8,0,3024,360.00,2477,547,378,0
1784775059,8,0,3032,359.99,2510,522,379,0
1784775060,8,0,3032,359.52,2506,526,379,0
1784775061,8,0,3024,360.00,2485,539,378,0
1784775062,8,0,3032,360.00,2474,558,379,0
1784775063,8,0,3016,360.00,2459,557,377,0
1784775064,8,0,3024,359.56,2478,546,378,0
1784775066,8,0,3032,360.00,2494,538,379,0
1784775067,8,0,3040,360.67,2502,538,380,0
1784775068,8,0,3024,360.06,2478,546,378,0
1784775069,8,0,3016,359.48,2483,533,377,0
1784775070,8,0,3024,359.00,2491,533,378,0
1784775071,8,0,3024,359.72,2503,521,378,0
1784775072,8,0,3016,360.09,2486,530,377,0
1784775073,8,0,3024,359.31,2488,536,378,0
1784775074,8,0,3024,359.63,2477,547,378,0
1784775075,8,0,3024,359.37,2491,533,378,0
1784775076,8,0,3024,360.00,2496,528,378,0
1784775077,8,0,3024,359.92,2483,541,378,0
1784775078,8,0,3024,359.67,2479,545,378,0
1784775079,8,0,3032,359.00,2500,532,379,0
1784775080,8,0,3016,359.74,2492,524,377,0
1784775081,8,0,3024,360.00,2488,536,378,0
1784775082,8,0,3024,360.00,2505,519,378,0
1784775083,8,0,3024,360.00,2498,526,378,0
1784775084,8,0,3024,360.00,2481,543,378,0
1784775085,8,0,3024,359.97,2510,514,378,0
1784775086,8,0,3048,360.00,2497,551,381,0
1784775087,8,0,3040,359.97,2490,550,380,0
1784775088,8,0,3024,359.83,2484,540,378,0
1784775089,8,0,3024,359.81,2503,521,378,0
1784775090,8,0,3016,359.00,2487,529,377,0
1784775091,8,0,3016,359.94,2490,526,377,0
1784775092,8,0,3024,360.00,2501,523,378,0
1784775093,8,0,3024,360.00,2493,531,378,0
1784775094,8,0,3024,360.00,2493,531,378,0
1784775095,8,0,3016,359.61,2473,543,377,0
1784775096,8,0,3032,359.41,2509,523,379,0
1784775097,8,0,3024,360.00,2477,547,378,0
1784775098,8,0,3024,359.57,2503,521,378,0
1784775099,8,0,3024,359.16,2508,516,378,0
1784775100,8,0,3016,360.00,2481,535,377,0
1784775101,8,0,3024,360.00,2508,516,378,0
1784775102,8,0,3024,359.47,2498,526,378,0
1784775103,8,0,3016,359.20,2490,526,377,0
1784775104,8,0,3040,360.00,2505,535,380,0
1784775105,8,0,3024,360.00,2500,524,378,0
1784775106,8,0,3024,359.68,2490,534,378,0
1784775107,8,0,3016,359.40,2478,538,377,0
1784775108,8,0,3048,360.04,2492,556,381,0
1784775109,8,0,3024,360.64,2490,534,378,0
1784775110,8,0,3024,360.01,2503,521,378,0
1784775111,8,0,3032,359.72,2512,520,379,0
1784775112,8,0,3016,359.35,2507,509,377,0
1784775113,8,0,3024,359.77,2500,524,378,0
1784775114,8,0,3032,359.61,2525,507,379,0
1784775115,8,0,3024,359.75,2492,532,378,0
1784775116,8,0,3016,360.00,2497,519,377,0
1784775117,8,0,3064,360.00,2532,532,383,0
1784775118,8,0,3024,360.15,2508,516,378,0
1784775119,8,0,3032,360.00,2499,533,379,0
1784775120,8,0,3032,359.16,2529,503,379,0
1784775121,8,0,3040,359.99,2507,533,380,0
1784775122,8,0,3024,359.75,2492,532,378,0
1784775123,8,0,3024,359.00,2503,521,378,0
1784775124,8,0,3032,359.00,2482,550,379,0
1784775125,8,0,3024,359.34,2493,531,378,0
1784775126,8,0,3024,360.00,2496,528,378,0
1784775127,8,0,3016,360.22,2501,515,377,0
1784775128,8,0,3024,359.44,2499,525,378,0
1784775129,8,0,3024,359.61,2484,540,378,0
1784775130,8,0,3024,359.87,2491,533,378,0
1784775131,8,0,3024,360.00,2513,511,378,0
1784775132,8,0,3024,360.00,2494,530,378,0
1784775133,8,0,3016,359.80,2484,532,377,0
1784775134,8,0,3024,359.87,2496,528,378,0
1784775135,8,0,3016,360.00,2498,518,377,0
1784775136,8,0,3024,360.00,2494,530,378,0
1784775137,8,0,3032,360.00,2502,530,379,0
1784775138,8,0,3024,359.85,2501,523,378,0
1784775139,8,0,3024,360.00,2503,521,378,0
1784775140,8,0,3024,359.97,2515,509,378,0
1784775141,8,0,3032,359.56,2502,530,379,0
1784775142,8,0,3024,360.00,2500,524,378,0
1784775143,8,0,3024,360.00,2511,513,378,0
1784775144,8,0,3032,360.00,2502,530,379,0
1784775145,8,0,3024,359.66,2502,522,378,0
1784775146,8,0,3032,359.66,2499,533,379,0
1784775147,8,0,3016,359.60,2491,525,377,0
1784775148,8,0,3024,360.00,2505,519,378,0
1784775149,8,0,3024,360.00,2490,534,378,0
1784775150,8,0,3024,360.00,2519,505,378,0
1784775151,8,0,3016,359.70,2489,527,377,0
1784775152,8,0,3032,359.00,2508,524,379,0
1784775153,8,0,3016,359.94,2492,524,377,0
1784775154,8,0,3024,360.00,2500,524,378,0
1784775155,8,0,3024,360.00,2491,533,378,0
1784775156,8,0,3024,360.00,2518,506,378,0
1784775157,8,0,3024,359.64,2487,537,378,0
1784775158,8,0,3016,359.00,2488,528,377,0
1784775159,8,0,3032,359.48,2497,535,379,0
1784775160,8,0,3024,360.00,2511,513,378,0
1784775161,8,0,3024,360.67,2517,507,378,0
1784775162,8,0,3016,359.65,2493,523,377,0
1784775163,8,0,3024,359.00,2501,523,378,0
1784775164,8,0,3024,359.89,2521,503,378,0
1784775165,8,0,3024,360.00,2514,510,378,0
1784775166,8,0,3016,360.00,2509,507,377,0
1784775167,8,0,3024,359.62,2529,495,378,0
1784775168,8,0,3016,359.66,2507,509,377,0
1784775169,8,0,3032,359.32,2505,527,379,0
1784775170,8,0,3024,360.00,2500,524,378,0
1784775171,8,0,3024,360.00,2506,518,378,0
1784775172,8,0,3024,360.00,2517,507,378,0
1784775173,8,0,3032,360.00,2515,517,379,0
1784775174,8,0,3024,359.72,2503,521,378,0
1784775175,8,0,3024,359.00,2514,510,378,0
1784775176,8,0,3024,359.53,2528,496,378,0
1784775177,8,0,3024,359.66,2502,522,378,0
1784775178,8,0,3032,360.00,2510,522,379,0
1784775179,8,0,3016,360.00,2503,513,377,0
1784775180,8,0,3072,360.00,2536,536,384,0
1784775181,8,0,3016,359.43,2497,519,377,0
1784775182,8,0,3032,359.94,2516,516,379,0
1784775183,8,0,3024,360.00,2485,539,378,0
1784775184,8,0,3016,359.51,2510,506,377,0
1784775185,8,0,3024,360.00,2514,510,378,0
1784775186,8,0,3032,360.00,2489,543,379,0
1784775187,8,0,3024,359.98,2502,522,378,0
1784775188,8,0,3032,359.31,2507,525,379,0
1784775189,8,0,3032,360.00,2493,539,379,0
1784775190,8,0,3032,360.00,2490,542,379,0
1784775191,8,0,3032,360.00,2486,546,379,0
1784775192,8,0,3032,360.00,2497,535,379,0
1784775193,8,0,3016,360.00,2498,518,377,0
1784775194,8,0,3032,359.09,2508,524,379,0
1784775195,8,0,3024,359.00,2494,530,378,0
1784775196,8,0,3024,360.63,2467,557,378,0
1784775197,8,0,3032,360.32,2507,525,379,0
1784775198,8,0,3032,359.68,2515,517,379,0
1784775199,8,0,3016,359.24,2482,534,377,0
1784775200,8,0,3040,359.28,2492,548,380,0
1784775201,8,0,3024,360.00,2505,519,378,0
1784775202,8,0,3016,360.00,2470,546,377,0
1784775203,8,0,3016,360.00,2490,526,377,0
1784775204,8,0,3032,360.00,2502,530,379,0
1784775205,8,0,3048,359.26,2507,541,381,0
1784775206,8,0,3032,359.67,2480,552,379,0
1784775207,8,0,3024,360.00,2476,548,378,0
1784775208,8,0,3032,360.00,2487,545,379,0
1784775209,8,0,3056,360.00,2534,522,382,0
1784775380,0,0,0,0.00,0,0,0,0
1784775381,8,0,24,360.00,14,10,3,0
1784775382,8,0,3024,359.85,2474,550,378,0
1784775383,8,0,3024,359.57,2481,543,378,0
1784775384,8,0,3024,359.37,2489,535,378,0
1784775385,8,0,3024,360.00,2493,531,378,0
1784775386,8,0,3016,359.96,2495,521,377,0
1784775387,8,0,3024,359.56,2484,540,378,0
1784775388,8,0,3024,360.00,2499,525,378,0
1784775389,8,0,3024,360.00,2450,574,378,0
1784775390,8,0,3032,360.00,2459,573,379,0
1784775391,8,0,3016,359.38,2460,556,377,0
1784775392,8,0,3024,359.00,2463,561,378,0
1784775393,8,0,3016,359.08,2484,532,377,0
1784775394,8,0,3024,359.99,2471,553,378,0
1784775395,8,0,3024,360.00,2482,542,378,0
1784775396,8,0,3024,360.00,2489,535,378,0
1784775397,8,0,3032,360.00,2493,539,379,0
1784775398,8,0,3024,360.00,2481,543,378,0
1784775399,8,0,3024,359.51,2473,551,378,0
1784775400,8,0,3024,359.81,2467,557,378,0
1784775401,8,0,3032,359.70,2479,553,379,0
1784775402,8,0,3024,360.00,2474,550,378,0
1784775403,8,0,3024,360.00,2468,556,378,0
1784775404,8,0,3016,360.00,2451,565,377,0
1784775405,8,0,3032,359.99,2456,576,379,0
1784775406,8,0,3016,360.00,2465,551,377,0
1784775407,8,0,3024,360.00,2461,563,378,0
1784775408,8,0,3024,360.00,2457,567,378,0
1784775409,8,0,3024,359.27,2461,563,378,0
1784775410,8,0,3024,359.78,2449,575,378,0
1784775411,8,0,3024,360.00,2462,562,378,0
1784775412,8,0,3024,360.00,2465,559,378,0
1784775413,8,0,3024,360.00,2464,560,378,0
1784775414,8,0,3024,359.94,2458,566,378,0
1784775415,8,0,3024,359.00,2432,592,378,0
1784775416,8,0,3040,359.52,2464,576,380,0
1784775417,8,0,3024,360.00,2447,577,378,0
1784775418,8,0,3024,360.00,2462,562,378,0
1784775419,8,0,3040,360.00,2478,562,380,0
1784775420,8,0,3016,359.97,2454,562,377,0
1784775421,8,0,3024,359.40,2463,561,378,0
1784775422,8,0,3016,359.47,2496,520,377,0
1784775423,8,0,3032,360.00,2494,538,379,0
1784775424,8,0,3032,360.00,2490,542,379,0
1784775425,8,0,3032,360.00,2489,543,379,0
1784775426,8,0,3024,359.96,2488,536,378,0
1784775427,8,0,3016,359.54,2489,527,377,0
1784775428,8,0,3024,359.89,2496,528,378,0
1784775429,8,0,3024,360.00,2493,531,378,0
1784775430,8,0,3024,359.62,2493,531,378,0
1784775431,8,0,3032,359.00,2503,529,379,0
1784775432,8,0,3024,359.86,2496,528,378,0
1784775433,8,0,3024,360.09,2482,542,378,0
1784775434,8,0,3024,360.00,2495,529,378,0
1784775435,8,0,3024,359.63,2502,522,378,0
1784775436,8,0,3024,359.00,2495,529,378,0
1784775437,8,0,3024,359.99,2483,541,378,0
1784775438,8,0,3024,360.31,2482,542,378,0
1784775439,8,0,3024,360.00,2495,529,378,0
1784775440,8,0,3040,359.31,2498,542,380,0
1784775441,8,0,3024,360.00,2489,535,378,0
1784775442,8,0,3024,360.00,2492,532,378,0
1784775443,8,0,3032,360.00,2504,528,379,0
1784775444,8,0,3024,360.00,2464,560,378,0
1784775445,8,0,3024,359.60,2494,530,378,0
1784775446,8,0,3024,359.41,2485,539,378,0
1784775447,8,0,3016,360.00,2479,537,377,0
1784775448,8,0,3024,360.00,2484,540,378,0
1784775449,8,0,3048,359.85,2492,556,381,0
1784775450,8,0,3032,359.31,2498,534,379,0
1784775451,8,0,3040,360.00,2500,540,380,0
1784775452,8,0,3016,360.00,2493,523,377,0
1784775453,8,0,3040,360.00,2478,562,380,0
1784775454,8,0,3008,359.93,2474,534,376,0
1784775455,8,0,3040,360.00,2483,557,380,0
1784775456,8,0,3024,360.00,2486,538,378,0
1784775457,8,0,3024,359.66,2483,541,378,0
1784775458,8,0,3016,359.51,2475,541,377,0
1784775459,8,0,3024,359.93,2492,532,378,0
1784775460,8,0,3032,360.00,2477,555,379,0
1784775461,8,0,3024,359.63,2483,541,378,0
1784775462,8,0,3024,359.00,2488,536,378,0
1784775463,8,0,3032,359.88,2498,534,379,0
1784775464,8,0,3024,360.56,2487,537,378,0
1784775465,8,0,3024,360.22,2485,539,378,0
1784775466,8,0,3032,359.22,2480,552,379,0
1784775467,8,0,3016,359.72,2466,550,377,0
1784775468,8,0,3024,360.00,2480,544,378,0
1784775469,8,0,3024,360.00,2474,550,378,0
1784775470,8,0,3032,360.00,2477,555,379,0
1784775471,8,0,3016,359.33,2464,552,377,0
1784775472,8,0,3024,359.98,2480,544,378,0
1784775473,8,0,3064,359.74,2496,568,383,0
1784775474,8,0,3016,360.00,2480,536,377,0
1784775475,8,0,3032,360.00,2479,553,379,0
1784775476,8,0,3024,359.88,2475,549,378,0
1784775477,8,0,3016,359.54,2473,543,377,0
1784775478,8,0,3024,359.00,2483,541,378,0
1784775479,8,0,3032,359.78,2495,537,379,0
1784775480,8,0,3032,360.00,2499,533,379,0
1784775481,8,0,3024,360.00,2489,535,378,0
1784775482,8,0,3024,359.72,2494,530,378,0
1784775483,8,0,3032,360.00,2485,547,379,0
1784775484,8,0,3016,359.35,2471,545,377,0
1784775485,8,0,3024,359.08,2486,538,378,0
1784775486,8,0,3032,360.00,2488,544,379,0
1784775487,8,0,3024,360.00,2484,540,378,0
1784775488,8,0,3024,360.00,2487,537,378,0
1784775489,8,0,3032,360.00,2505,527,379,0
1784775490,8,0,3024,359.68,2471,553,378,0
1784775491,8,0,3016,359.91,2484,532,377,0
1784775492,8,0,3032,359.90,2488,544,379,0
1784775493,8,0,3024,359.91,2488,536,378,0
1784775494,8,0,3024,359.75,2490,534,378,0
1784775495,8,0,3016,359.68,2473,543,377,0
1784775496,8,0,3024,360.00,2482,542,378,0
1784775497,8,0,3032,359.94,2485,547,379,0
1784775498,8,0,3016,360.00,2474,542,377,0
1784775499,8,0,3024,360.00,2486,538,378,0
1784775500,8,0,3024,360.00,2481,543,378,0
1784775501,8,0,3024,359.04,2475,549,378,0
1784775502,8,0,3032,359.86,2487,545,379,0
1784775503,8,0,3016,360.00,2487,529,377,0
1784775504,8,0,3024,360.00,2508,516,378,0
1784775505,8,0,3024,359.24,2475,549,378,0
1784775506,8,0,3024,359.38,2458,566,378,0
1784775507,8,0,3024,360.00,2483,541,378,0
1784775508,8,0,3024,360.00,2469,555,378,0
1784775509,8,0,3056,359.70,2495,561,382,0
1784775510,8,0,3024,359.57,2493,531,378,0
1784775511,8,0,3024,360.00,2482,542,378,0
1784775512,8,0,3024,359.96,2492,532,378,0
1784775513,8,0,3024,359.57,2493,531,378,0
1784775514,8,0,3032,360.00,2505,527,379,0
1784775515,8,0,3032,360.00,2476,556,379,0
1784775516,8,0,3016,359.91,2485,531,377,0
1784775517,8,0,3032,359.24,2493,539,379,0
1784775518,8,0,3024,359.13,2494,530,378,0
1784775519,8,0,3024,360.00,2502,522,378,0
1784775520,8,0,3008,360.00,2455,553,376,0
1784775521,8,0,3024,359.76,2488,536,378,0
1784775522,8,0,3024,359.55,2489,535,378,0
1784775523,8,0,3032,360.00,2493,539,379,0
1784775524,8,0,3024,360.00,2493,531,378,0
1784775525,8,0,3024,360.00,2497,527,378,0
1784775526,8,0,3040,360.00,2507,533,380,0
1784775528,8,0,3032,360.00,2513,519,379,0
1784775529,8,0,3032,359.47,2497,535,379,0
1784775530,8,0,3016,359.20,2489,527,377,0
1784775531,8,0,3024,359.51,2479,545,378,0
1784775532,8,0,3032,360.00,2504,528,379,0
1784775533,8,0,3024,360.00,2492,532,378,0
1784775534,8,0,3032,360.00,2488,544,379,0
1784775535,8,0,3024,360.00,2465,559,378,0
1784775536,8,0,3032,359.21,2519,513,379,0
1784775537,8,0,3032,359.88,2499,533,379,0
1784775538,8,0,3024,359.95,2497,527,378,0
1784775539,8,0,3040,359.60,2496,544,380,0
1784775540,8,0,3024,360.00,2546,478,378,0
1784775541,8,0,3032,359.70,2539,493,379,0
1784775542,8,0,3024,359.02,2518,506,378,0
1784775543,8,0,3024,359.28,2505,519,378,0
1784775544,8,0,3008,360.00,2494,514,376,0
1784775545,8,0,3040,359.46,2511,529,380,0
1784775546,8,0,3032,359.52,2518,514,379,0
1784775547,8,0,3024,360.00,2516,508,378,0
1784775548,8,0,3024,359.71,2531,493,378,0
1784775549,8,0,3024,359.00,2521,503,378,0
1784775550,8,0,3016,359.52,2553,463,377,0
1784775551,8,0,3032,360.00,2555,477,379,0
1784775552,8,0,3024,360.00,2544,480,378,0
1784775553,8,0,3032,359.66,2534,498,379,0
1784775554,8,0,3048,360.00,2566,482,381,0
1784775555,8,0,3048,359.56,2561,487,381,0
1784775556,8,0,3024,359.33,2547,477,378,0
1784775557,8,0,3024,360.00,2528,496,378,0
1784775558,8,0,3024,360.00,2512,512,378,0
1784775559,8,0,3024,359.81,2504,520,378,0
1784775560,8,0,3016,359.55,2490,526,377,0
1784775561,8,0,3024,360.00,2501,523,378,0
1784775562,8,0,3024,360.00,2505,519,378,0
1784775563,8,0,3016,359.55,2504,512,377,0
1784775564,8,0,3032,359.11,2499,533,379,0
1784775565,8,0,3024,360.00,2500,524,378,0
1784775566,8,0,3024,360.00,2471,553,378,0
1784775567,8,0,3024,360.00,2506,518,378,0
1784775568,8,0,3032,359.30,2520,512,379,0
1784775569,8,0,3032,359.00,2507,525,379,0
1784775570,8,0,3024,359.65,2503,521,378,0
1784775571,8,0,3032,360.00,2513,519,379,0
1784775572,8,0,3032,360.00,2505,527,379,0
1784775573,8,0,3024,359.96,2492,532,378,0
1784775574,8,0,3032,360.00,2504,528,379,0
1784775575,8,0,3032,360.00,2515,517,379,0
1784775576,8,0,3024,359.20,2506,518,378,0
1784775577,8,0,3024,359.70,2493,531,378,0
1784775578,8,0,3024,360.00,2518,506,378,0
1784775579,8,0,3024,360.00,2498,526,378,0
1784775580,8,0,3024,360.00,2503,521,378,0
1784775581,8,0,3024,359.72,2491,533,378,0
1784775582,8,0,3024,359.54,2504,520,378,0
1784775583,8,0,3016,360.00,2493,523,377,0
1784775584,8,0,3024,360.00,2495,529,378,0
1784775585,8,0,3032,359.53,2512,520,379,0
1784775586,8,0,3032,360.00,2518,514,379,0
1784775587,8,0,3056,359.77,2520,536,382,0
1784775588,8,0,3016,359.62,2485,531,377,0
1784775589,8,0,3024,360.00,2519,505,378,0
1784775590,8,0,3024,360.00,2504,520,378,0
1784775591,8,0,3024,359.75,2492,532,378,0
1784775592,8,0,3016,359.00,2486,530,377,0
1784775593,8,0,3024,359.69,2502,522,378,0
1784775594,8,0,3024,360.00,2502,522,378,0
1784775595,8,0,3032,360.00,2490,542,379,0
1784775596,8,0,3024,360.00,2497,527,378,0
1784775597,8,0,3040,359.69,2514,526,380,0
1784775598,8,0,3032,359.00,2486,546,379,0
1784775599,8,0,3024,359.41,2500,524,378,0
1784775600,8,0,3024,360.00,2502,522,378,0
1784775601,8,0,3024,360.00,2497,527,378,0
1784775602,8,0,3016,359.91,2475,541,377,0
1784775603,8,0,3024,359.35,2492,532,378,0
1784775604,8,0,3016,360.00,2499,517,377,0
1784775605,8,0,3024,360.00,2525,499,378,0
1784775606,8,0,3024,359.84,2489,535,378,0
1784775607,8,0,3016,359.88,2497,519,377,0
1784775608,8,0,3024,359.58,2497,527,378,0
1784775609,8,0,3024,359.84,2497,527,378,0
1784775610,8,0,3016,360.00,2489,527,377,0
1784775611,8,0,3024,359.51,2501,523,378,0
1784775612,8,0,3024,359.44,2500,524,378,0
1784775613,8,0,3024,359.58,2501,523,378,0
1784775614,8,0,3024,360.00,2495,529,378,0
1784775615,8,0,3048,360.55,2523,525,381,0
1784775616,8,0,3024,359.71,2488,536,378,0
1784775617,8,0,3032,359.00,2496,536,379,0
1784775618,8,0,3024,359.92,2502,522,378,0
1784775619,8,0,3032,360.00,2504,528,379,0
1784775620,8,0,3032,360.00,2514,518,379,0
1784775621,8,0,3024,359.74,2502,522,378,0
1784775622,8,0,3016,359.00,2473,543,377,0
1784775623,8,0,3032,359.74,2505,527,379,0
1784775624,8,0,3024,360.00,2483,541,378,0
1784775625,8,0,3032,360.00,2502,530,379,0
1784775626,8,0,3024,360.71,2486,538,378,0
1784775627,8,0,3040,359.37,2523,517,380,0
1784775628,8,0,3040,358.74,2506,534,380,0
1784775629,8,0,3016,359.93,2489,527,377,0
1784775630,8,0,3016,361.00,2500,516,377,0
1784775631,8,0,3040,359.58,2489,551,380,0
1784775632,8,0,3024,359.00,2495,529,378,0
1784775633,8,0,3016,359.90,2481,535,377,0
1784775634,8,0,3024,360.00,2490,534,378,0
1784775635,8,0,3024,360.00,2499,525,378,0
1784775636,8,0,3024,360.01,2509,515,378,0
1784775637,8,0,3016,360.00,2487,529,377,0
1784775638,8,0,3024,359.92,2485,539,378,0
1784775639,8,0,3024,359.93,2498,526,378,0
1784775640,8,0,3024,359.45,2501,523,378,0
1784775641,8,0,3024,360.00,2504,520,378,0
1784775642,8,0,3024,359.64,2510,514,378,0
1784775643,8,0,3032,359.86,2516,516,379,0
1784775644,8,0,3024,360.00,2503,521,378,0
1784775645,8,0,3016,359.71,2482,534,377,0
1784775646,8,0,3024,360.00,2494,530,378,0
1784775647,8,0,3024,360.00,2483,541,378,0
1784775648,8,0,3016,360.00,2483,533,377,0
1784775649,8,0,3032,359.68,2499,533,379,0
1784775650,8,0,3016,359.59,2481,535,377,0
1784775651,8,0,3024,360.00,2487,537,378,0
1784775652,8,0,3024,360.00,2500,524,378,0
1784775653,8,0,3032,359.93,2510,522,379,0
1784775654,8,0,3024,359.21,2500,524,378,0
1784775655,8,0,3016,360.00,2484,532,377,0
1784775656,8,0,3024,360.00,2488,536,378,0
1784775657,8,0,3024,360.00,2517,507,378,0
1784775658,8,0,3040,360.00,2501,539,380,0
1784775659,8,0,3016,359.39,2494,522,377,0
1784775660,8,0,3024,359.96,2497,527,378,0
1784775661,8,0,3032,360.00,2507,525,379,0
1784775662,8,0,3024,359.51,2490,534,378,0
1784775663,8,0,3016,359.39,2471,545,377,0
1784775664,8,0,3024,359.69,2484,540,378,0
1784775665,8,0,3024,360.00,2501,523,378,0
1784775666,8,0,3024,360.00,2508,516,378,0
1784775667,8,0,3024,359.41,2489,535,378,0
1784775668,8,0,3048,359.41,2519,529,381,0
1784775669,8,0,3016,359.73,2501,515,377,0
1784775670,8,0,3024,360.00,2499,525,378,0
1784775671,8,0,3040,360.00,2507,533,380,0
1784775672,8,0,3032,359.89,2490,542,379,0
1784775673,8,0,3024,359.70,2513,511,378,0
1784775674,8,0,3032,359.92,2485,547,379,0
1784775675,8,0,3016,359.91,2490,526,377,0
1784775676,8,0,3040,360.00,2503,537,380,0
1784775677,8,0,3016,360.00,2486,530,377,0
1784775678,8,0,3024,360.00,2496,528,378,0
1784775679,8,0,3024,359.38,2512,512,378,0
1784775680,8,0,3024,360.00,2513,511,378,0
1784775681,8,0,3024,360.00,2481,543,378,0
1784775682,8,0,3024,360.00,2502,522,378,0
1784775683,8,0,3024,359.60,2494,530,378,0
1784775684,8,0,3032,359.98,2487,545,379,0
1784775685,8,0,3016,359.51,2502,514,377,0
1784775686,8,0,3024,359.53,2490,534,378,0
1784775687,8,0,3024,359.71,2505,519,378,0
1784775688,8,0,3032,360.00,2494,538,379,0
1784775689,8,0,3016,360.00,2474,542,377,0
1784775690,8,0,3024,359.59,2502,522,378,0
1784775691,8,0,3016,359.00,2491,525,377,0
1784775692,8,0,3024,359.92,2503,521,378,0
1784775693,8,0,3032,359.52,2508,524,379,0
1784775694,8,0,3040,359.12,2503,537,380,0
1784775695,8,0,3032,360.00,2517,515,379,0
1784775696,8,0,3024,360.00,2480,544,378,0
1784775697,8,0,3016,360.00,2492,524,377,0
1784775698,8,0,3024,360.00,2468,556,378,0
1784775699,8,0,3032,360.00,2500,532,379,0
1784775700,8,0,3032,359.66,2484,548,379,0
1784775701,8,0,3024,360.00,2490,534,378,0
1784775702,8,0,3024,360.00,2503,521,378,0
1784775703,8,0,3024,360.00,2493,531,378,0
1784775704,8,0,3024,359.26,2507,517,378,0
1784775705,8,0,3024,359.34,2490,534,378,0
1784775706,8,0,3032,360.00,2509,523,379,0
1784775707,8,0,3016,360.00,2490,526,377,0
1784775708,8,0,3024,360.00,2494,530,378,0
1784775709,8,0,3016,360.00,2508,508,377,0
1784775710,8,0,3032,360.00,2507,525,379,0
1784775711,8,0,3024,360.00,2496,528,378,0
1784775712,8,0,3016,359.92,2509,507,377,0
1784775713,8,0,3024,359.40,2480,544,378,0
1784775714,8,0,3032,360.00,2515,517,379,0
1784775715,8,0,3024,360.00,2508,516,378,0
1784775716,8,0,3024,360.31,2494,530,378,0
1784775717,8,0,3024,359.47,2502,522,378,0
1784775718,8,0,3024,359.61,2500,524,378,0
1784775719,8,0,3024,359.00,2518,506,378,0
1784775720,8,0,3024,359.91,2501,523,378,0
1784775721,8,0,3032,360.00,2525,507,379,0
1784775722,8,0,3016,359.72,2498,518,377,0
1784775723,8,0,3024,360.00,2500,524,378,0
1784775724,8,0,3048,360.00,2525,523,381,0
1784775725,8,0,3024,359.54,2508,516,378,0
1784775726,8,0,3024,359.00,2505,519,378,0
1784775727,8,0,3024,359.79,2509,515,378,0
1784775728,8,0,3024,360.00,2511,513,378,0
1784775729,8,0,3048,359.53,2530,518,381,0
1784775730,8,0,3024,359.10,2499,525,378,0
1784775731,8,0,3032,360.00,2515,517,379,0
1784775732,8,0,3016,360.00,2496,520,377,0
1784775733,8,0,3024,360.00,2515,509,378,0
1784775734,8,0,3032,360.00,2520,512,379,0
1784775735,8,0,3024,359.93,2511,513,378,0
1784775737,8,0,3024,359.20,2519,505,378,0
1784775738,8,0,3016,359.18,2503,513,377,0
1784775739,8,0,3032,360.00,2523,509,379,0
1784775740,8,0,3024,360.00,2515,509,378,0
1784775741,8,0,3024,360.00,2519,505,378,0
1784775742,8,0,3024,359.60,2513,511,378,0
1784775743,8,0,3024,359.39,2498,526,378,0
1784775744,8,0,3032,360.79,2527,505,379,0
1784775745,8,0,3024,359.31,2544,480,378,0
1784775746,8,0,3024,359.44,2539,485,378,0
1784775747,8,0,3024,360.00,2548,476,378,0
1784775748,8,0,3024,359.31,2560,464,378,0
1784775749,8,0,3024,360.00,2586,438,378,0
1784775750,8,0,3024,359.61,2549,475,378,0
1784775751,8,0,3032,360.00,2545,487,379,0
1784775752,8,0,3024,359.74,2548,476,378,0
1784775753,8,0,3024,359.65,2529,495,378,0
1784775754,8,0,3032,359.45,2568,464,379,0
1784775755,8,0,3024,360.00,2551,473,378,0
1784775756,8,0,3024,360.00,2527,497,378,0
1784775757,8,0,3024,359.22,2517,507,378,0
1784775758,8,0,3024,359.20,2512,512,378,0
1784775759,8,0,3024,360.00,2509,515,378,0
1784775760,8,0,3032,360.00,2503,529,379,0
1784775761,8,0,3032,359.35,2514,518,379,0
1784775762,8,0,3016,360.00,2514,502,377,0
1784775763,8,0,3024,360.00,2517,507,378,0
1784775764,8,0,3016,359.28,2498,518,377,0
1784775765,8,0,3024,360.00,2512,512,378,0
1784775766,8,0,3032,360.00,2512,520,379,0
1784775767,8,0,3024,359.88,2513,511,378,0
1784775768,8,0,3024,359.00,2510,514,378,0
1784775769,8,0,3024,359.82,2526,498,378,0
1784775770,8,0,3024,360.00,2510,514,378,0
1784775771,8,0,3032,360.00,2520,512,379,0
1784775772,8,0,3016,359.75,2507,509,377,0
1784775773,8,0,3024,360.00,2514,510,378,0
1784775774,8,0,3032,359.89,2531,501,379,0
1784775775,8,0,3016,359.29,2498,518,377,0
1784775776,8,0,3032,360.00,2520,512,379,0
1784775777,8,0,3024,360.00,2508,516,378,0
1784775778,8,0,3016,359.39,2504,512,377,0
1784775779,8,0,3024,359.24,2514,510,378,0
1784775780,8,0,3032,360.15,2533,499,379,0
1784775781,8,0,3024,360.30,2505,519,378,0
1784775782,8,0,3024,359.01,2508,516,378,0
1784775783,8,0,3024,359.01,2510,514,378,0
1784775784,8,0,3016,360.27,2494,522,377,0
1784775785,8,0,3032,360.00,2508,524,379,0
1784775786,8,0,3016,359.99,2513,503,377,0
1784775787,8,0,3032,359.57,2519,513,379,0
1784775788,8,0,3024,359.69,2511,513,378,0
1784775789,8,0,3032,359.09,2523,509,379,0
1784775790,8,0,3032,360.00,2510,522,379,0
1784775791,8,0,3032,360.67,2508,524,379,0
1784775792,8,0,3032,359.81,2522,510,379,0
1784775793,8,0,3024,359.00,2518,506,378,0
1784775794,8,0,3024,359.74,2509,515,378,0
1784775795,8,0,3016,360.00,2513,503,377,0
1784775796,8,0,3024,360.00,2529,495,378,0
1784775797,8,0,3024,359.79,2507,517,378,0
1784775798,8,0,3024,359.90,2519,505,378,0
1784775799,8,0,3024,359.43,2512,512,378,0
1784775800,8,0,3024,360.00,2531,493,378,0
1784775801,8,0,3016,359.70,2500,516,377,0
1784775802,8,0,3024,359.85,2503,521,378,0
1784775803,8,0,3032,360.00,2525,507,379,0
1784775804,8,0,3024,360.00,2504,520,378,0
1784775805,8,0,3016,359.16,2512,504,377,0
1784775806,8,0,3024,359.39,2518,506,378,0
1784775807,8,0,3024,359.36,2493,531,378,0
1784775808,8,0,3024,360.00,2515,509,378,0
1784775809,8,0,3024,360.00,2507,517,378,0
1784775810,8,0,3024,359.61,2508,516,378,0
1784775811,8,0,3024,360.00,2506,518,378,0
1784775812,8,0,3024,360.00,2508,516,378,0
1784775813,8,0,3032,359.66,2520,512,379,0
1784775814,8,0,3032,360.00,2515,517,379,0
1784775815,8,0,3040,359.72,2518,522,380,0
1784775816,8,0,3024,359.34,2503,521,378,0
1784775817,8,0,3032,359.78,2514,518,379,0
1784775818,8,0,3016,360.00,2497,519,377,0
1784775819,8,0,3032,360.35,2502,530,379,0
1784775820,8,0,3024,360.00,2522,502,378,0
1784775821,8,0,3024,359.49,2515,509,378,0
1784775822,8,0,3016,359.00,2493,523,377,0
1784775823,8,0,3032,359.76,2515,517,379,0
1784775824,8,0,3024,360.00,2505,519,378,0
1784775825,8,0,3016,360.00,2495,521,377,0
1784775826,8,0,3032,360.00,2522,510,379,0
1784775827,8,0,3016,359.56,2500,516,377,0
1784775828,8,0,3024,359.38,2512,512,378,0
1784775829,8,0,3024,360.00,2515,509,378,0
1784775830,8,0,3024,359.93,2509,515,378,0
1784775831,8,0,3024,359.13,2520,504,378,0
1784775832,8,0,3024,360.00,2512,512,378,0
1784775833,8,0,3024,360.00,2527,497,378,0
1784775834,8,0,3024,360.00,2501,523,378,0
1784775835,8,0,3024,360.00,2516,508,378,0
1784775836,8,0,3024,359.50,2532,492,378,0
1784775837,8,0,3016,359.00,2501,515,377,0
1784775838,8,0,3024,359.74,2505,519,378,0
1784775839,8,0,3024,360.00,2516,508,378,0
1784775840,8,0,3024,360.00,2494,530,378,0
1784775841,8,0,3016,360.00,2484,532,377,0
1784775842,8,0,3024,360.00,2484,540,378,0
1784775843,8,0,3024,359.42,2473,551,378,0
1784775844,8,0,3024,360.00,2488,536,378,0
1784775845,8,0,3024,360.00,2481,543,378,0
1784775846,8,0,3024,360.00,2464,560,378,0
1784775847,8,0,3024,360.00,2482,542,378,0
1784775848,8,0,3040,359.35,2474,566,380,0
1784775849,8,0,3024,360.00,2475,549,378,0
1784775850,8,0,3024,359.75,2434,590,378,0
1784775851,8,0,3016,359.49,2456,560,377,0
1784775852,8,0,3024,360.00,2463,561,378,0
1784775853,8,0,3024,360.00,2486,538,378,0
1784775854,8,0,3024,359.96,2510,514,378,0
1784775855,8,0,3024,359.26,2512,512,378,0
1784775856,8,0,3016,359.89,2474,542,377,0
1784775857,8,0,3032,359.83,2490,542,379,0
1784775858,8,0,3024,359.53,2483,541,378,0
1784775859,8,0,3016,360.00,2496,520,377,0
1784775860,8,0,3024,360.00,2513,511,378,0
1784775861,8,0,3024,360.00,2554,470,378,0
1784775862,8,0,3016,359.91,2525,491,377,0
1784775863,8,0,3024,359.00,2496,528,378,0
1784775864,8,0,3024,360.00,2484,540,378,0
1784775865,8,0,3024,360.01,2506,518,378,0
1784775866,8,0,3024,360.00,2516,508,378,0
1784775867,8,0,3032,359.88,2522,510,379,0
1784775868,8,0,3040,359.00,2535,505,380,0
1784775869,8,0,3016,359.43,2468,548,377,0
1784775870,8,0,3024,360.20,2465,559,378,0
1784775871,8,0,3024,360.00,2444,580,378,0
1784775872,8,0,3032,360.00,2479,553,379,0
1784775873,8,0,3024,360.00,2453,571,378,0
1784775874,8,0,3024,359.71,2494,530,378,0
1784775875,8,0,3024,359.17,2342,682,378,0
1784775876,8,0,3024,359.96,2110,914,378,0
1784775877,8,0,3024,359.75,2009,1015,378,0
1784775878,8,0,3024,359.00,2252,772,378,0
1784775879,8,0,3032,359.85,2280,752,379,0
1784775880,8,0,3016,360.47,2094,922,377,0
1784775881,8,0,3032,359.00,1854,1178,379,0
1784775882,8,0,3024,359.67,1780,1244,378,0
1784775883,8,0,3024,359.53,2179,845,378,0
1784775884,8,0,3032,359.41,2177,855,379,0
1784775885,8,0,3032,359.09,2267,765,379,0
1784775886,8,0,3024,360.00,2298,726,378,0
1784775887,8,0,3024,360.11,2297,727,378,0
1784775888,8,0,3016,360.00,2433,583,377,0
1784775889,8,0,3048,360.64,2498,550,381,0
1784775890,8,0,3016,360.17,2472,544,377,0
1784775891,8,0,3024,360.00,2460,564,378,0
1784775892,8,0,3016,359.86,2494,522,377,0
1784775893,8,0,3024,359.87,2475,549,378,0
1784775894,8,0,3024,359.94,2470,554,378,0
1784775895,8,0,3024,360.00,2514,510,378,0
1784775896,8,0,3016,360.00,2490,526,377,0
1784775897,8,0,3024,359.50,2499,525,378,0
1784775898,8,0,3024,359.02,2518,506,378,0
1784775899,8,0,3024,359.89,2519,505,378,0
1784775900,8,0,3016,359.90,2512,504,377,0
1784775901,8,0,3024,360.17,2514,510,378,0
1784775902,8,0,3024,360.32,2517,507,378,0
1784775903,8,0,3024,359.27,2520,504,378,0
1784775904,8,0,3024,359.10,2516,508,378,0
1784775905,8,0,3032,360.00,2507,525,379,0
1784775906,8,0,3024,360.92,2497,527,378,0
1784775907,8,0,3024,360.00,2472,552,378,0
1784775908,8,0,3024,359.01,2499,525,378,0
1784775909,8,0,3024,359.30,2499,525,378,0
1784775910,8,0,3016,360.00,2490,526,377,0
1784775911,8,0,3032,360.00,2516,516,379,0
1784775912,8,0,3024,360.00,2506,518,378,0
1784775913,8,0,3040,359.31,2527,513,380,0
1784775914,8,0,3016,359.89,2494,522,377,0
1784775915,8,0,3024,360.66,2551,473,378,0
1784775916,8,0,3016,360.08,2543,473,377,0
1784775917,8,0,3040,359.00,2552,488,380,0
1784775918,8,0,3024,359.34,2551,473,378,0
1784775919,8,0,3024,359.76,2539,485,378,0
1784775920,8,0,3024,359.29,2552,472,378,0
1784775921,8,0,3024,360.00,2556,468,378,0
1784775922,8,0,3024,360.00,2560,464,378,0
1784775923,8,0,3024,360.00,2549,475,378,0
1784775924,8,0,3032,360.00,2555,477,379,0
1784775925,8,0,3024,360.00,2541,483,378,0
1784775926,8,0,3016,360.00,2556,460,377,0
1784775927,8,0,3032,359.64,2569,463,379,0
1784775928,8,0,3016,359.45,2550,466,377,0
1784775929,8,0,3024,360.00,2538,486,378,0
1784775930,8,0,3024,360.00,2558,466,378,0
1784775931,8,0,3024,359.46,2556,468,378,0
1784775932,8,0,3024,359.86,2529,495,378,0
1784775933,8,0,3024,359.50,2543,481,378,0
1784775934,8,0,3016,360.00,2513,503,377,0
1784775935,8,0,3024,360.00,2524,500,378,0
1784775936,8,0,3016,359.61,2532,484,377,0
1784775937,8,0,3032,360.00,2546,486,379,0
1784775938,8,0,3024,359.37,2541,483,378,0
1784775939,8,0,3024,359.83,2537,487,378,0
1784775940,8,0,3016,360.72,2541,475,377,0
1784775941,8,0,3024,359.56,2520,504,378,0
1784775942,8,0,3032,359.01,2544,488,379,0
1784775943,8,0,3024,360.00,2535,489,378,0
1784775944,8,0,3024,360.00,2518,506,378,0
1784775945,8,0,3024,359.97,2497,527,378,0
1784775946,8,0,3016,359.11,2518,498,377,0
1784775947,8,0,3024,360.00,2513,511,378,0
1784775948,8,0,3032,359.37,2529,503,379,0
1784775949,8,0,3016,360.13,2510,506,377,0
1784775950,8,0,3080,360.00,2574,506,385,0
1784775951,8,0,3024,359.59,2480,544,378,0
1784775952,8,0,3024,359.75,2480,544,378,0
1784775953,8,0,3024,360.00,2459,565,378,0
1784775954,8,0,3024,360.00,2538,486,378,0
1784775955,8,0,3024,360.62,2489,535,378,0
1784775956,8,0,3024,359.97,2520,504,378,0
1784775957,8,0,3032,359.00,2502,530,379,0
1784775958,8,0,3024,359.36,2503,521,378,0
1784775959,8,0,3024,360.00,2503,521,378,0
1784775960,8,0,3024,360.00,2519,505,378,0
1784775961,8,0,3024,360.00,2538,486,378,0
1784775963,8,0,3024,359.47,2509,515,378,0
1784775964,8,0,3024,359.68,2496,528,378,0
1784775965,8,0,3016,360.00,2469,547,377,0
1784775966,8,0,3040,359.53,2511,529,380,0
1784775967,8,0,3016,359.52,2464,552,377,0
1784775968,8,0,3032,360.00,2473,559,379,0
1784775969,8,0,3032,360.00,2466,566,379,0
1784775970,8,0,3024,360.00,2453,571,378,0
1784775971,8,0,3024,359.72,2460,564,378,0
1784775972,8,0,3024,359.05,2490,534,378,0
1784775973,8,0,3024,360.00,2512,512,378,0
1784775974,8,0,3008,360.00,2504,504,376,0
1784775975,8,0,3056,360.05,2556,500,382,0
1784775976,8,0,3032,360.53,2516,516,379,0
1784775977,8,0,3024,359.74,2541,483,378,0
1784775978,8,0,3040,359.00,2545,495,380,0
1784775979,8,0,3024,359.34,2514,510,378,0
1784775980,8,0,3016,359.98,2527,489,377,0
1784775981,8,0,3024,359.74,2518,506,378,0
1784775982,8,0,3040,360.00,2558,482,380,0
1784775983,8,0,3032,360.00,2529,503,379,0
1784775984,8,0,3024,359.67,2497,527,378,0
1784775985,8,0,3016,360.00,2519,497,377,0
1784775986,8,0,3032,360.00,2544,488,379,0
1784775987,8,0,3032,360.00,2519,513,379,0
1784775988,8,0,3024,359.14,2482,542,378,0
1784775989,8,0,3016,359.55,2481,535,377,0
1784775990,8,0,3032,360.00,2513,519,379,0
1784775991,8,0,3024,360.00,2497,527,378,0
1784775992,8,0,3024,359.89,2488,536,378,0
1784775993,8,0,3016,359.00,2485,531,377,0
1784775994,8,0,3024,359.12,2486,538,378,0
1784775995,8,0,3024,360.00,2497,527,378,0
1784775996,8,0,3032,360.00,2485,547,379,0
1784775997,8,0,3024,360.00,2484,540,378,0
1784775998,8,0,3040,359.41,2500,540,380,0
1784775999,8,0,3024,359.66,2480,544,378,0
1784776000,8,0,3024,360.00,2446,578,378,0
1784776001,8,0,3024,334.10,1539,1485,378,0
1784776002,8,0,3024,359.66,1720,1304,378,0
1784776003,8,0,3024,384.16,1607,1417,378,0
1784776004,8,0,3032,366.28,1638,1394,379,0
1784776005,8,0,3024,353.21,1566,1458,378,0
1784776006,8,0,3024,352.51,1672,1352,378,0
1784776007,8,0,3016,339.58,1722,1294,377,0
1784776008,8,0,3024,370.63,1639,1385,378,0
1784776009,8,0,3024,368.78,1673,1351,378,0
1784776010,8,0,3032,358.80,1944,1088,379,0
1784776011,8,0,3016,361.73,1972,1044,377,0
1784776012,8,0,3024,360.57,2002,1022,378,0
1784776013,8,0,3040,359.00,2000,1040,380,0
1784776014,8,0,3016,359.38,2266,750,377,0
1784776015,8,0,3024,359.97,2278,746,378,0
1784776016,8,0,2872,359.67,2142,722,359,1
1784776017,8,0,3032,361.38,2390,642,379,0
1784776018,8,0,3024,360.92,2196,828,378,0
1784776019,8,0,3024,361.02,2297,727,378,0
1784776020,8,0,3024,359.97,2118,906,378,0
1784776021,8,0,3016,358.07,1914,1102,377,0
1784776022,8,0,3024,359.60,2128,896,378,0
1784776023,8,0,3016,359.76,1839,1177,377,0
1784776024,8,0,3024,342.64,1414,1610,378,0
1784776025,8,0,3016,311.20,1891,1125,377,0
1784776026,8,0,3040,400.66,1893,1147,380,0
1784776027,8,0,3040,393.21,2127,913,380,0
1784776028,8,0,3024,356.14,2084,940,378,0
1784776029,8,0,3016,349.42,2021,995,377,0
1784776030,8,0,3016,341.44,1780,1236,377,0
1784776031,8,0,3032,358.22,2330,702,379,0
1784776032,8,0,3024,386.91,2194,830,378,0
1784776033,8,0,3024,365.28,2043,981,378,0
1784776034,8,0,3024,344.43,1952,1072,378,0
1784776035,8,0,3016,355.03,2490,526,377,0
1784776036,8,0,3032,373.11,2412,620,379,0
1784776037,8,0,3024,364.89,2331,693,378,0
1784776038,8,0,3016,355.34,2206,810,377,0
1784776039,8,0,3024,353.95,2196,828,378,0
1784776040,8,0,3024,359.42,2369,655,378,0
1784776041,8,0,3024,364.16,2183,841,378,0
1784776042,8,0,3016,359.81,2337,679,377,0
1784776043,8,0,3024,358.53,2370,654,378,0
1784776044,8,0,3016,355.21,2040,976,377,0
1784776045,8,0,3040,357.85,2196,844,380,0
1784776046,8,0,3024,360.87,1785,1239,378,0
1784776047,8,0,3024,360.00,1539,1485,378,0
1784776048,8,0,3024,359.40,1491,1533,378,0
1784776049,8,0,3024,359.96,1373,1651,378,0
1784776050,8,0,3024,360.00,1398,1626,378,0
1784776051,8,0,3024,359.29,1394,1630,378,0
1784776052,8,0,3024,358.42,1520,1504,378,0
1784776053,8,0,3024,360.67,1547,1477,378,0
1784776054,8,0,3032,361.00,1462,1570,379,0
1784776055,8,0,3024,354.53,1021,2003,378,0
1784776056,8,0,3040,307.47,1844,1196,380,0
1784776057,8,0,3024,393.89,1897,1127,378,0
1784776058,8,0,3032,393.33,2127,905,379,0
1784776059,8,0,3024,358.76,2154,870,378,0
1784776060,8,0,3040,344.83,2313,727,380,0
1784776061,8,0,3032,353.87,2214,818,379,0
1784776062,8,0,3024,364.00,2400,624,378,0
1784776063,8,0,3032,363.54,2417,615,379,0
1784776064,8,0,3032,360.33,2377,655,379,0
1784776065,8,0,3024,356.34,2419,605,378,0
1784776066,8,0,3032,358.95,2431,601,379,0
1784776067,8,0,3024,359.46,2455,569,378,0
1784776068,8,0,3024,357.59,2435,589,378,0
1784776069,8,0,3032,359.54,2464,568,379,0
1784776070,8,0,3016,360.57,2457,559,377,0
1784776071,8,0,3024,362.58,2446,578,378,0
1784776072,8,0,3024,359.70,2473,551,378,0
1784776073,8,0,3024,358.00,2485,539,378,0
1784776074,8,0,3024,358.00,2495,529,378,0
1784776075,8,0,3016,359.22,2432,584,377,0
1784776076,8,0,3040,362.49,2486,554,380,0
1784776077,8,0,3024,361.63,2469,555,378,0
1784776078,8,0,3032,359.39,2463,569,379,0
1784776079,8,0,3024,359.26,2434,590,378,0
1784776080,8,0,3024,360.00,2438,586,378,0
1784776081,8,0,3024,359.95,2466,558,378,0
1784776082,8,0,3024,359.51,2455,569,378,0
1784776083,8,0,3024,360.04,2420,604,378,0
1784776084,8,0,3040,358.54,2222,818,380,0
1784776085,8,0,3016,359.68,2220,796,377,0
1784776086,8,0,3024,361.52,2293,731,378,0
1784776087,8,0,3016,361.49,2188,828,377,0
1784776088,8,0,3032,354.44,1858,1174,379,0
1784776089,8,0,3024,358.27,1615,1409,378,0
1784776090,8,0,3024,360.50,1327,1697,378,0
1784776091,8,0,3032,361.46,1456,1576,379,0
1784776092,8,0,3016,359.50,1612,1404,377,0
1784776093,8,0,3024,355.31,1678,1346,378,0
1784776094,8,0,3024,357.53,2207,817,378,0
1784776095,8,0,3016,366.14,1210,1806,377,0
1784776096,8,0,3024,360.07,1175,1849,378,0
1784776097,8,0,3024,354.66,1420,1604,378,0
1784776098,8,0,3032,352.49,1628,1404,379,0
1784776099,8,0,3032,358.61,1621,1411,379,0
1784776100,8,0,3024,364.54,1592,1432,378,0
1784776101,8,0,3040,363.23,1648,1392,380,0
1784776102,8,0,3032,360.03,1616,1416,379,0
1784776103,8,0,3024,358.53,1588,1436,378,0
1784776104,8,0,3016,359.67,1630,1386,377,0
1784776105,8,0,3056,360.63,2373,683,382,0
1784776106,8,0,3016,360.00,2523,493,377,0
1784776107,8,0,3040,360.10,2517,523,380,0
1784776108,8,0,3016,360.00,2519,497,377,0
1784776109,8,0,3024,360.00,2526,498,378,0
1784776110,8,0,3032,359.25,2558,474,379,0
1784776111,8,0,3024,359.54,2528,496,378,0
1784776112,8,0,3016,360.18,2517,499,377,0
1784776113,8,0,3032,360.21,2552,480,379,0
1784776114,8,0,3016,360.00,2513,503,377,0
1784776115,8,0,3032,360.00,2546,486,379,0
1784776116,8,0,3024,359.06,2528,496,378,0
1784776117,8,0,3024,359.44,2539,485,378,0
1784776118,8,0,3016,360.00,2541,475,377,0
1784776119,8,0,3032,360.00,2538,494,379,0
1784776120,8,0,3024,360.00,2545,479,378,0
1784776121,8,0,3016,359.48,2513,503,377,0
1784776122,8,0,3016,359.85,2532,484,377,0
1784776123,8,0,3024,360.00,2537,487,378,0
1784776124,8,0,3024,360.00,2334,690,378,0
1784776125,8,0,3024,355.08,1994,1030,378,0
1784776126,8,0,3016,342.59,2180,836,377,0
1784776127,8,0,3024,374.66,2274,750,378,0
1784776128,8,0,3032,372.01,2285,747,379,0
1784776129,8,0,3024,359.18,2274,750,378,0
1784776130,8,0,3024,354.47,2267,757,378,0
1784776131,8,0,3032,358.62,2246,786,379,0
1784776132,8,0,3032,361.00,2507,525,379,0
1784776133,8,0,3024,360.63,2478,546,378,0
1784776134,8,0,3024,359.50,2577,447,378,0
1784776135,8,0,3008,360.00,2157,851,376,0
1784776136,8,0,3032,360.00,1988,1044,379,0
1784776137,8,0,3016,359.51,1870,1146,377,0
1784776138,8,0,3032,359.55,1887,1145,379,0
1784776139,8,0,3024,359.90,2210,814,378,0
1784776140,8,0,3024,360.02,2614,410,378,0
1784776141,8,0,3024,360.01,2489,535,378,0
1784776142,8,0,3016,359.48,2560,456,377,0
1784776143,8,0,3032,359.85,2576,456,379,0
1784776144,8,0,3024,359.24,2554,470,378,0
1784776145,8,0,3024,360.00,2538,486,378,0
1784776146,8,0,3024,360.00,2570,454,378,0
1784776147,8,0,3024,359.66,2510,514,378,0
1784776148,8,0,3032,359.51,2156,876,379,0
1784776149,8,0,3024,360.00,2318,706,378,0
1784776150,8,0,3024,359.90,2305,719,378,0
1784776151,8,0,3032,359.45,2314,718,379,0
1784776152,8,0,3016,359.92,2475,541,377,0
1784776153,8,0,3032,360.00,2552,480,379,0
1784776154,8,0,3032,360.00,2562,470,379,0
1784776155,8,0,3024,359.68,2542,482,378,0
1784776156,8,0,3016,360.00,2531,485,377,0
1784776157,8,0,3024,359.91,2539,485,378,0
1784776158,8,0,3024,359.56,2548,476,378,0
1784776159,8,0,3016,360.00,2546,470,377,0
1784776160,8,0,3024,360.00,2545,479,378,0
1784776161,8,0,3024,360.00,2525,499,378,0
1784776162,8,0,3024,360.00,2518,506,378,0
1784776163,8,0,3032,359.41,2563,469,379,0
1784776164,8,0,3024,360.00,2551,473,378,0
1784776165,8,0,3032,360.00,2570,462,379,0
1784776166,8,0,3024,359.15,2580,444,378,0
1784776167,8,0,3024,359.35,2565,459,378,0
1784776168,8,0,3040,360.00,2558,482,380,0
1784776169,8,0,3032,360.00,2596,436,379,0
1784776170,8,0,3024,360.00,2528,496,378,0
1784776171,8,0,3032,359.83,2513,519,379,0
1784776172,8,0,3016,359.44,2553,463,377,0
1784776173,8,0,3024,360.00,2555,469,378,0
1784776174,8,0,3024,360.00,2536,488,378,0
1784776176,8,0,3048,360.00,2559,489,381,0
1784776177,8,0,3032,359.64,2563,469,379,0
1784776178,8,0,3024,359.59,2571,453,378,0
1784776179,8,0,3024,360.00,2547,477,378,0
1784776180,8,0,3016,360.00,2555,461,377,0
1784776181,8,0,3024,359.67,2544,480,378,0
1784776182,8,0,3032,359.00,2545,487,379,0
1784776183,8,0,3024,359.88,2566,458,378,0
1784776184,8,0,3032,360.46,2548,484,379,0
1784776185,8,0,3024,360.24,2518,506,378,0
1784776186,8,0,3032,359.08,2524,508,379,0
1784776187,8,0,3024,359.27,2506,518,378,0
1784776188,8,0,3032,360.00,2515,517,379,0
1784776189,8,0,3016,360.00,2493,523,377,0
1784776190,8,0,3032,360.00,2518,514,379,0
1784776191,8,0,3016,360.00,2508,508,377,0
1784776192,8,0,3048,360.00,2521,527,381,0
1784776193,8,0,3024,359.52,2512,512,378,0
1784776194,8,0,3040,359.54,2526,514,380,0
1784776195,8,0,3024,360.40,2517,507,378,0
1784776196,8,0,3024,360.30,2534,490,378,0
1784776197,8,0,3024,359.08,2551,473,378,0
1784776198,8,0,3024,359.36,2569,455,378,0
1784776199,8,0,3024,360.00,2550,474,378,0
1784776200,8,0,3024,359.66,2576,448,378,0
1784776201,8,0,3016,359.76,2566,450,377,0
1784776202,8,0,3040,360.00,2580,460,380,0
1784776203,8,0,3024,359.26,2589,435,378,0
1784776204,8,0,3024,359.00,2563,461,378,0
1784776205,8,0,3032,360.08,2579,453,379,0
1784776206,8,0,3024,360.19,2573,451,378,0
1784776207,8,0,3040,359.22,2578,462,380,0
1784776208,8,0,3024,359.69,2543,481,378,0
1784776209,8,0,3016,360.00,2537,479,377,0
1784776210,8,0,3024,360.00,2539,485,378,0
1784776211,8,0,3032,359.59,2570,462,379,0
1784776212,8,0,3016,359.45,2539,477,377,0
1784776213,8,0,3024,360.00,2524,500,378,0
1784776214,8,0,3024,359.78,2523,501,378,0
1784776215,8,0,3016,359.88,2548,468,377,0
1784776216,8,0,3016,360.00,2511,505,377,0
1784776217,8,0,3032,359.78,2547,485,379,0
1784776218,8,0,3024,359.72,2557,467,378,0
1784776219,8,0,3032,359.42,2539,493,379,0
1784776220,8,0,3024,360.00,2551,473,378,0
1784776221,8,0,3024,359.93,2527,497,378,0
1784776222,8,0,3032,360.00,2535,497,379,0
1784776223,8,0,3016,360.00,2507,509,377,0
1784776224,8,0,3024,360.00,2534,490,378,0
1784776225,8,0,3032,359.61,2521,511,379,0
1784776226,8,0,3016,359.36,2541,475,377,0
1784776227,8,0,3024,360.00,2533,491,378,0
1784776228,8,0,3016,359.75,2537,479,377,0
1784776229,8,0,3024,359.74,2520,504,378,0
1784776230,8,0,3024,360.19,2530,494,378,0
1784776231,8,0,3024,359.78,2509,515,378,0
1784776232,8,0,3032,359.00,2523,509,379,0
1784776233,8,0,3024,359.52,2517,507,378,0
1784776234,8,0,3024,359.75,2531,493,378,0
1784776235,8,0,3032,360.33,2534,498,379,0
1784776236,8,0,3016,359.91,2520,496,377,0
1784776237,8,0,3024,359.17,2537,487,378,0
1784776238,8,0,3024,359.98,2551,473,378,0
1784776239,8,0,3032,360.67,2548,484,379,0
1784776240,8,0,3024,360.00,2532,492,378,0
1784776241,8,0,3024,359.01,2558,466,378,0
1784776242,8,0,3016,359.50,2515,501,377,0
1784776243,8,0,3032,360.25,2560,472,379,0
1784776244,8,0,3016,359.97,2570,446,377,0
1784776245,8,0,3048,359.00,2571,477,381,0
1784776246,8,0,3040,359.08,2541,499,380,0
1784776247,8,0,3016,360.62,2535,481,377,0
1784776248,8,0,3024,360.06,2524,500,378,0
1784776249,8,0,3032,359.55,2523,509,379,0
1784776250,8,0,3016,359.72,2526,490,377,0
1784776251,8,0,3040,359.73,2544,496,380,0
1784776252,8,0,3024,360.00,2586,438,378,0
1784776253,8,0,3024,359.82,2539,485,378,0
1784776254,8,0,3024,360.00,2499,525,378,0
1784776255,8,0,3024,360.00,2537,487,378,0
1784776256,8,0,3024,359.30,2552,472,378,0
1784776257,8,0,3024,359.00,2569,455,378,0
1784776258,8,0,3024,359.66,2575,449,378,0
1784776259,8,0,3032,360.00,2569,463,379,0
1784776260,8,0,3032,360.00,2580,452,379,0
1784776261,8,0,3024,359.93,2567,457,378,0
1784776262,8,0,3024,359.93,2561,463,378,0
1784776263,8,0,3016,360.00,2553,463,377,0
1784776264,8,0,3024,359.77,2547,477,378,0
1784776265,8,0,3024,359.93,2577,447,378,0
1784776266,8,0,3024,360.00,2536,488,378,0
1784776267,8,0,3016,360.59,2483,533,377,0
1784776268,8,0,3024,357.81,2504,520,378,0
1784776269,8,0,3016,357.48,2431,585,377,0
1784776270,8,0,3032,362.43,2453,579,379,0
1784776271,8,0,3016,360.77,2478,538,377,0
1784776272,8,0,3024,358.71,2439,585,378,0
1784776273,8,0,3024,359.54,2537,487,378,0
1784776274,8,0,3032,360.58,2565,467,379,0
1784776275,8,0,3016,359.49,2561,455,377,0
1784776276,8,0,3016,360.00,2546,470,377,0
1784776277,8,0,3024,360.00,2575,449,378,0
1784776278,8,0,3016,359.69,2559,457,377,0
1784776279,8,0,3024,359.67,2536,488,378,0
1784776280,8,0,3016,359.79,2559,457,377,0
1784776281,8,0,3024,360.00,2541,483,378,0
1784776282,8,0,3040,359.91,2556,484,380,0
1784776283,8,0,3048,359.48,2589,459,381,0
1784776296,0,0,0,0.00,0,0,0,0
1784776297,8,0,24,360.00,22,2,3,0
1784776298,8,0,3024,360.00,2547,477,378,0
1784776299,8,0,3024,360.00,2547,477,378,0
1784776300,8,0,3016,360.00,2551,465,377,0
1784776301,8,0,3024,360.00,2544,480,378,0
1784776302,8,0,3024,359.06,2543,481,378,0
1784776303,8,0,3016,359.00,2534,482,377,0
1784776304,8,0,3032,360.00,2539,493,379,0
1784776305,8,0,3024,359.85,2462,562,378,0
1784776306,8,0,3016,359.00,2506,510,377,0
1784776307,8,0,3032,359.00,2543,489,379,0
1784776308,8,0,3024,359.99,2544,480,378,0
1784776309,8,0,3016,360.00,2537,479,377,0
1784776310,8,0,3024,360.10,2528,496,378,0
1784776311,8,0,3024,359.09,2549,475,378,0
1784776312,8,0,3024,359.34,2542,482,378,0
1784776313,8,0,3016,360.02,2528,488,377,0
1784776314,8,0,3032,360.54,2565,467,379,0
1784776315,8,0,3024,359.97,2546,478,378,0
1784776316,8,0,3032,359.51,2576,456,379,0
1784776317,8,0,3064,359.52,2598,466,383,0
1784776318,8,0,3016,360.00,2547,469,377,0
1784776319,8,0,3040,360.00,2568,472,380,0
1784776320,8,0,3032,359.83,2563,469,379,0
1784776321,8,0,3024,359.61,2557,467,378,0
1784776322,8,0,3024,360.53,2545,479,378,0
1784776323,8,0,3024,360.00,2551,473,378,0
1784776324,8,0,3016,360.00,2542,474,377,0
1784776325,8,0,3032,359.67,2558,474,379,0
1784776326,8,0,3024,359.26,2563,461,378,0
1784776327,8,0,3032,360.00,2569,463,379,0
1784776328,8,0,3032,359.91,2556,476,379,0
1784776329,8,0,3040,359.00,2563,477,380,0
1784776330,8,0,3024,359.34,2549,475,378,0
1784776331,8,0,3032,360.89,2575,457,379,0
1784776332,8,0,3016,360.77,2564,452,377,0
1784776333,8,0,3024,359.37,2537,487,378,0
1784776334,8,0,3024,359.00,2554,470,378,0
1784776335,8,0,3024,359.80,2565,459,378,0
1784776336,8,0,3032,360.00,2574,458,379,0
1784776337,8,0,3032,360.00,2567,465,379,0
1784776338,8,0,3032,360.00,2571,461,379,0
1784776339,8,0,3032,359.77,2591,441,379,0
1784776340,8,0,3024,359.00,2574,450,378,0
1784776341,8,0,3024,359.40,2567,457,378,0
1784776342,8,0,3024,360.19,2566,458,378,0
1784776343,8,0,3032,359.98,2556,476,379,0
1784776344,8,0,3016,359.05,2548,468,377,0
1784776345,8,0,3032,360.00,2565,467,379,0
1784776346,8,0,3024,360.00,2549,475,378,0
1784776347,8,0,3016,360.00,2563,453,377,0
1784776348,8,0,3024,359.48,2550,474,378,0
1784776349,8,0,3024,359.49,2562,462,378,0
1784776350,8,0,3024,360.00,2556,468,378,0
1784776351,8,0,3024,359.39,2562,462,378,0
1784776352,8,0,3024,359.71,2565,459,378,0
1784776353,8,0,3024,360.64,2562,462,378,0
1784776354,8,0,3016,359.29,2560,456,377,0
1784776355,8,0,3024,359.57,2559,465,378,0
1784776356,8,0,3024,360.00,2573,451,378,0
1784776357,8,0,3024,359.19,2580,444,378,0
1784776358,8,0,3024,359.17,2573,451,378,0
1784776359,8,0,3032,360.19,2564,468,379,0
1784776360,8,0,3032,360.13,2578,454,379,0
1784776361,8,0,3032,359.46,2581,451,379,0
1784776362,8,0,3024,359.39,2577,447,378,0
1784776363,8,0,3024,360.00,2576,448,378,0
1784776364,8,0,3016,360.09,2558,458,377,0
1784776365,8,0,3032,359.70,2564,468,379,0
1784776366,8,0,3016,359.30,2563,453,377,0
1784776367,8,0,3024,359.89,2560,464,378,0
1784776368,8,0,3024,360.00,2570,454,378,0
1784776369,8,0,3024,360.19,2554,470,378,0
1784776370,8,0,3016,360.21,2535,481,377,0
1784776371,8,0,3024,359.11,2535,489,378,0
1784776372,8,0,3024,359.13,2543,481,378,0
1784776373,8,0,3024,360.00,2557,467,378,0
1784776374,8,0,3024,360.00,2554,470,378,0
1784776375,8,0,3024,360.00,2554,470,378,0
1784776376,8,0,3024,359.27,2552,472,378,0
1784776377,8,0,3024,359.15,2563,461,378,0
1784776378,8,0,3024,360.00,2543,481,378,0
1784776379,8,0,3024,360.58,2557,467,378,0
1784776380,8,0,3024,360.08,2549,475,378,0
1784776381,8,0,3016,359.32,2547,469,377,0
1784776382,8,0,3032,359.35,2567,465,379,0
1784776383,8,0,3016,359.24,2536,480,377,0
1784776384,8,0,3032,360.00,2558,474,379,0
1784776385,8,0,3024,360.00,2540,484,378,0
1784776386,8,0,3024,359.49,2546,478,378,0
1784776387,8,0,3024,359.91,2560,464,378,0
1784776388,8,0,3032,360.00,2547,485,379,0
1784776389,8,0,3016,359.19,2550,466,377,0
1784776390,8,0,3040,359.53,2566,474,380,0
1784776391,8,0,3024,360.03,2560,464,378,0
1784776392,8,0,3024,359.98,2553,471,378,0
1784776393,8,0,3016,359.55,2546,470,377,0
1784776394,8,0,3016,359.23,2563,453,377,0
1784776395,8,0,3040,360.00,2563,477,380,0
1784776396,8,0,3024,360.52,2562,462,378,0
1784776397,8,0,3032,359.97,2550,482,379,0
1784776398,8,0,3024,359.00,2559,465,378,0
1784776399,8,0,3024,359.85,2560,464,378,0
1784776400,8,0,3016,360.23,2548,468,377,0
1784776402,8,0,3032,360.66,2571,461,379,0
1784776731,0,0,0,0.00,0,0,0,0
1784776732,8,0,8,360.00,6,2,1,0
1784776733,8,0,3024,359.80,2559,465,378,0
1784776734,8,0,3016,360.00,2542,474,377,0
1784776735,8,0,3024,359.94,2542,482,378,0
1784776736,8,0,3016,359.71,2494,522,377,0
1784776737,8,0,3024,359.78,2454,570,378,0
1784776738,8,0,3024,364.17,2530,494,378,0
1784776739,8,0,3024,363.71,2535,489,378,0
1784776740,8,0,3024,359.27,2532,492,378,0
1784776741,8,0,3016,358.12,2522,494,377,0
1784776742,8,0,3024,359.55,2532,492,378,0
1784776743,8,0,3016,360.34,2519,497,377,0
1784776744,8,0,3024,360.00,2517,507,378,0
1784776745,8,0,3024,359.96,2534,490,378,0
1784776746,8,0,3032,359.45,2528,504,379,0
1784776747,8,0,3040,359.71,2536,504,380,0
1784776748,8,0,3024,360.00,2543,481,378,0
1784776749,8,0,3032,360.00,2537,495,379,0
1784776750,8,0,3024,360.60,2527,497,378,0
1784776751,8,0,3024,360.14,2539,485,378,0
1784776752,8,0,3016,359.66,2524,492,377,0
1784776753,8,0,3032,360.00,2543,489,379,0
1784776754,8,0,3024,360.00,2522,502,378,0
1784776755,8,0,3024,360.00,2533,491,378,0
1784776756,8,0,3024,359.37,2538,486,378,0
1784776757,8,0,3024,359.38,2538,486,378,0
1784776758,8,0,3024,360.00,2542,482,378,0
1784776759,8,0,3024,359.43,2546,478,378,0
1784776760,8,0,3024,360.00,2546,478,378,0
1784776761,8,0,3056,359.66,2562,494,382,0
1784776762,8,0,3032,360.00,2551,481,379,0
1784776763,8,0,3024,360.00,2543,481,378,0
1784776764,8,0,3016,359.85,2528,488,377,0
1784776765,8,0,3024,360.00,2541,483,378,0
1784776766,8,0,3048,360.00,2557,491,381,0
1784776767,8,0,3016,359.55,2523,493,377,0
1784776768,8,0,3040,359.24,2561,479,380,0
1784776769,8,0,3032,360.19,2530,502,379,0
1784776770,8,0,3024,360.53,2522,502,378,0
1784776771,8,0,3016,359.42,2534,482,377,0
1784776772,8,0,3024,359.36,2547,477,378,0
1784776773,8,0,3024,360.22,2536,488,378,0
1784776774,8,0,3032,360.55,2535,497,379,0
1784776775,8,0,3024,359.40,2541,483,378,0
1784776776,8,0,3024,359.01,2533,491,378,0
1784776777,8,0,3032,359.76,2531,501,379,0
1784776778,8,0,3024,360.00,2521,503,378,0
1784776779,8,0,3024,360.00,2514,510,378,0
1784776780,8,0,3032,359.66,2547,485,379,0
1784776781,8,0,3024,359.53,2526,498,378,0
1784776782,8,0,3016,359.22,2514,502,377,0
1784776783,8,0,3024,360.00,2521,503,378,0
1784776784,8,0,3024,359.50,2534,490,378,0
1784776785,8,0,3032,360.00,2541,491,379,0
1784776786,8,0,3032,360.00,2542,490,379,0
1784776787,8,0,3032,359.64,2547,485,379,0
1784776788,8,0,3024,360.00,2562,462,378,0
1784776789,8,0,3024,359.67,2536,488,378,0
1784776790,8,0,3032,359.63,2560,472,379,0
1784776791,8,0,3016,360.00,2541,475,377,0
1784776792,8,0,3024,360.00,2557,467,378,0
1784776793,8,0,3024,360.00,2548,476,378,0
1784776794,8,0,3048,360.00,2566,482,381,0
1784776795,8,0,3024,359.56,2534,490,378,0
1784776796,8,0,3024,359.47,2548,476,378,0
1784776797,8,0,3024,359.33,2552,472,378,0
1784776798,8,0,3016,360.00,2539,477,377,0
1784776799,8,0,3024,359.52,2552,472,378,0
1784776800,8,0,3024,359.59,2547,477,378,0
1784776801,8,0,3016,360.00,2534,482,377,0
1784776802,8,0,3040,360.00,2562,478,380,0
1784776803,8,0,3024,360.00,2549,475,378,0
1784776804,8,0,3024,360.40,2566,458,378,0
1784776805,8,0,3016,360.27,2541,475,377,0
1784776806,8,0,3024,359.37,2566,458,378,0
1784776807,8,0,3024,358.70,2543,481,378,0
1784776808,8,0,3024,360.26,2542,482,378,0
1784776809,8,0,3024,360.49,2555,469,378,0
1784776810,8,0,3040,359.96,2570,470,380,0
1784776811,8,0,3024,359.37,2556,468,378,0
1784776812,8,0,3024,359.38,2556,468,378,0
1784776813,8,0,3032,360.00,2553,479,379,0
1784776814,8,0,3024,360.00,2555,469,378,0
1784776815,8,0,3024,359.39,2553,471,378,0
1784776816,8,0,3024,359.97,2558,466,378,0
1784776817,8,0,3016,359.74,2542,474,377,0
1784776818,8,0,3024,359.21,2548,476,378,0
1784776819,8,0,3024,360.00,2549,475,378,0
1784776820,8,0,3024,359.96,2555,469,378,0
1784776821,8,0,3024,359.44,2541,483,378,0
1784776822,8,0,3024,359.37,2553,471,378,0
1784776823,8,0,3024,360.00,2547,477,378,0
1784776824,8,0,3024,360.00,2543,481,378,0
1784776825,8,0,3016,360.00,2526,490,377,0
1784776826,8,0,3032,359.62,2541,491,379,0
1784776827,8,0,3024,359.00,2539,485,378,0
1784776828,8,0,3016,359.68,2541,475,377,0
1784776829,8,0,3032,360.00,2559,473,379,0
1784776830,8,0,3032,359.47,2558,474,379,0
1784776831,8,0,3024,360.00,2561,463,378,0
1784776832,8,0,3016,360.21,2553,463,377,0
1784776833,8,0,3048,360.13,2575,473,381,0
1784776834,8,0,3024,359.52,2572,452,378,0
1784776835,8,0,3016,359.83,2573,443,377,0
1784776836,8,0,3024,359.47,2547,477,378,0
1784776837,8,0,3032,359.96,2569,463,379,0
1784776838,8,0,3032,359.00,2568,464,379,0
1784776839,8,0,3024,359.20,2567,457,378,0
1784776840,8,0,3024,360.10,2555,469,378,0
1784776841,8,0,3024,359.72,2560,464,378,0
1784776842,8,0,3016,359.32,2560,456,377,0
1784776843,8,0,3024,359.89,2572,452,378,0
1784776844,8,0,3032,359.37,2565,467,379,0
1784776845,8,0,3024,359.46,2572,452,378,0
1784776846,8,0,3008,359.65,2535,473,376,0
1784776847,8,0,3040,360.00,2588,452,380,0
1784776848,8,0,3024,359.11,2569,455,378,0
1784776849,8,0,3024,360.00,2556,468,378,0
1784776850,8,0,3024,360.55,2555,469,378,0
1784776852,8,0,3040,359.52,2586,454,380,0
1784776853,8,0,3024,359.00,2549,475,378,0
1784776854,8,0,3024,359.43,2559,465,378,0
1784776855,8,0,3016,360.37,2564,452,377,0
1784776856,8,0,3024,359.78,2562,462,378,0
1784776857,8,0,3032,359.31,2572,460,379,0
1784776858,8,0,3024,359.38,2561,463,378,0
1784776859,8,0,3024,360.00,2560,464,378,0
1784776860,8,0,3024,359.72,2557,467,378,0
1784776861,8,0,3024,359.56,2564,460,378,0
1784776862,8,0,3016,360.03,2555,461,377,0
1784776863,8,0,3024,360.11,2559,465,378,0
1784776864,8,0,3024,359.22,2572,452,378,0
1784776865,8,0,3016,360.00,2549,467,377,0
1784776866,8,0,3032,360.00,2564,468,379,0
1784776867,8,0,3024,359.31,2564,460,378,0
1784776868,8,0,3016,359.52,2546,470,377,0
1784776869,8,0,3024,360.31,2549,475,378,0
1784776870,8,0,3024,360.16,2522,502,378,0
1784776871,8,0,3024,359.56,2531,493,378,0
1784776872,8,0,3024,359.00,2540,484,378,0
1784776873,8,0,3024,359.73,2540,484,378,0
1784776874,8,0,3016,360.00,2525,491,377,0
1784776875,8,0,3024,359.97,2547,477,378,0
1784776876,8,0,3024,359.52,2526,498,378,0
1784776877,8,0,3032,360.00,2562,470,379,0
1784776878,8,0,3024,360.00,2524,500,378,0
1784776879,8,0,3016,360.00,2518,498,377,0
1784776880,8,0,3048,360.00,2554,494,381,0
1784776881,8,0,3016,359.79,2537,479,377,0
1784776882,8,0,3024,359.86,2535,489,378,0
1784776883,8,0,3032,360.00,2556,476,379,0
1784776884,8,0,3024,359.41,2538,486,378,0
1784776885,8,0,3032,359.70,2554,478,379,0
1784776886,8,0,3024,360.00,2532,492,378,0
1784776887,8,0,3032,360.00,2544,488,379,0
1784776888,8,0,3024,359.47,2540,484,378,0
1784776889,8,0,3024,359.83,2547,477,378,0
1784776890,8,0,3016,359.37,2540,476,377,0
1784776891,8,0,3024,359.30,2546,478,378,0
1784776892,8,0,3024,360.00,2531,493,378,0
1784776893,8,0,3024,360.00,2522,502,378,0
1784776894,8,0,3032,360.00,2553,479,379,0
1784776895,8,0,3024,359.11,2539,485,378,0
1784776896,8,0,3016,359.66,2529,487,377,0
1784776897,8,0,3024,360.00,2526,498,378,0
1784776898,8,0,3048,360.00,2538,510,381,0
1784776899,8,0,3024,359.44,2545,479,378,0
1784776900,8,0,3032,359.70,2549,483,379,0
1784776901,8,0,3032,360.00,2541,491,379,0
1784776902,8,0,3024,359.96,2540,484,378,0
1784776903,8,0,3024,360.00,2530,494,378,0
1784776904,8,0,3056,359.64,2539,517,382,0
1784776905,8,0,3024,359.19,2551,473,378,0
1784776906,8,0,3016,360.46,2539,477,377,0
1784776907,8,0,3032,360.00,2534,498,379,0
1784776908,8,0,3024,360.00,2534,490,378,0
1784776909,8,0,3024,359.35,2536,488,378,0
1784776910,8,0,3016,359.53,2524,492,377,0
1784776911,8,0,3024,360.22,2540,484,378,0
1784776912,8,0,3024,359.58,2527,497,378,0
1784776913,8,0,3032,359.00,2536,496,379,0
1784776914,8,0,3024,359.51,2519,505,378,0
1784776915,8,0,3032,360.42,2550,482,379,0
1784776916,8,0,3016,359.63,2514,502,377,0
1784776917,8,0,3024,359.32,2531,493,378,0
1784776918,8,0,3032,359.46,2551,481,379,0
1784776919,8,0,3024,360.31,2551,473,378,0
1784776920,8,0,3016,360.29,2544,472,377,0
1784776921,8,0,3024,359.84,2531,493,378,0
1784776922,8,0,3024,359.00,2500,524,378,0
1784776923,8,0,3016,359.27,2492,524,377,0
1784776924,8,0,3024,360.00,2505,519,378,0
1784776925,8,0,3024,360.00,2494,530,378,0
1784776926,8,0,3024,360.00,2490,534,378,0
1784776927,8,0,3032,359.29,2500,532,379,0
1784776928,8,0,3024,359.03,2476,548,378,0
1784776929,8,0,3024,360.00,2468,556,378,0
1784776930,8,0,3024,360.00,2490,534,378,0
1784776931,8,0,3032,359.68,2501,531,379,0
1784776932,8,0,3024,359.00,2479,545,378,0
1784776933,8,0,3016,359.74,2488,528,377,0
1784776934,8,0,3024,360.00,2509,515,378,0
1784776935,8,0,3024,360.00,2489,535,378,0
1784776936,8,0,3040,359.13,2516,524,380,0
1784776937,8,0,3024,359.14,2481,543,378,0
1784776938,8,0,3016,360.00,2477,539,377,0
1784776939,8,0,3024,360.00,2456,568,378,0
1784776940,8,0,3040,359.36,2524,516,380,0
1784776941,8,0,3024,359.00,2522,502,378,0
1784776942,8,0,3024,359.83,2529,495,378,0
1784776943,8,0,3024,360.56,2496,528,378,0
1784776944,8,0,3024,360.00,2481,543,378,0
1784776945,8,0,3024,359.42,2507,517,378,0
1784776946,8,0,3032,359.04,2522,510,379,0
1784776947,8,0,3024,360.00,2509,515,378,0
1784776948,8,0,3024,360.00,2505,519,378,0
1784776949,8,0,3024,360.00,2530,494,378,0
1784776950,8,0,3016,359.97,2502,514,377,0
1784776951,8,0,3024,360.00,2482,542,378,0
1784776952,8,0,3032,359.97,2528,504,379,0
1784776953,8,0,3024,359.30,2484,540,378,0
1784776954,8,0,3016,359.00,2507,509,377,0
1784776955,8,0,3032,359.00,2505,527,379,0
1784776956,8,0,3016,359.95,2479,537,377,0
1784776957,8,0,3032,360.62,2553,479,379,0
1784776958,8,0,3040,359.78,2508,532,380,0
1784776959,8,0,3016,359.65,2551,465,377,0
1784776960,8,0,3040,359.74,2540,500,380,0
1784776961,8,0,3032,360.00,2529,503,379,0
1784776962,8,0,3056,359.66,2617,439,382,0
1784776963,8,0,3024,359.24,2562,462,378,0
1784776964,8,0,3024,360.00,2571,453,378,0
1784776965,8,0,3024,360.00,2582,442,378,0
1784776966,8,0,3024,360.00,2492,532,378,0
1784776967,8,0,3024,359.95,2498,526,378,0
1784776968,8,0,3016,359.00,2473,543,377,0
1784776969,8,0,3024,359.44,2523,501,378,0
1784776970,8,0,3024,359.98,2503,521,378,0
1784776971,8,0,3008,360.00,2479,529,376,0
1784776972,8,0,3056,360.00,2521,535,382,0
1784776973,8,0,3040,359.53,2549,491,380,0
1784776974,8,0,3016,359.60,2526,490,377,0
1784776975,8,0,3032,359.94,2533,499,379,0
1784776976,8,0,3024,360.00,2503,521,378,0
1784776977,8,0,3016,360.00,2507,509,377,0
1784776978,8,0,3024,360.00,2523,501,378,0
1784776979,8,0,3024,360.00,2525,499,378,0
1784776980,8,0,3032,359.40,2529,503,379,0
1784776981,8,0,3016,360.00,2520,496,377,0
1784776982,8,0,3048,360.00,2541,507,381,0
1784776983,8,0,3008,359.16,2516,492,376,0
1784776984,8,0,3032,359.45,2531,501,379,0
1784776985,8,0,3032,359.83,2515,517,379,0
1784776986,8,0,3024,359.38,2514,510,378,0
1784776987,8,0,3024,359.92,2543,481,378,0
1784776988,8,0,3024,360.00,2523,501,378,0
1784776989,8,0,3016,360.00,2522,494,377,0
1784776990,8,0,3024,359.09,2525,499,378,0
1784776991,8,0,3024,359.75,2516,508,378,0
1784776992,8,0,3032,360.62,2518,514,379,0
1784776993,8,0,3016,359.90,2491,525,377,0
1784776994,8,0,3024,359.00,2507,517,378,0
1784776995,8,0,3024,359.57,2517,507,378,0
1784776996,8,0,3032,359.81,2511,521,379,0
1784776997,8,0,3024,360.19,2518,506,378,0
1784776998,8,0,3024,359.72,2499,525,378,0
1784776999,8,0,3024,359.21,2492,532,378,0
1784777000,8,0,3024,359.50,2511,513,378,0
1784777001,8,0,3024,360.00,2497,527,378,0
1784777002,8,0,3024,359.90,2526,498,378,0
1784777003,8,0,3024,359.35,2535,489,378,0
1784777004,8,0,3024,359.58,2515,509,378,0
1784777005,8,0,3024,359.96,2520,504,378,0
1784777006,8,0,3024,359.59,2506,518,378,0
1784777007,8,0,3024,359.82,2506,518,378,0
1784777008,8,0,3024,360.00,2500,524,378,0
1784777009,8,0,3032,360.00,2516,516,379,0
1784777010,8,0,3048,359.87,2535,513,381,0
1784777011,8,0,3016,359.00,2501,515,377,0
1784777012,8,0,3024,359.02,2516,508,378,0
1784777013,8,0,3032,360.00,2512,520,379,0
1784777014,8,0,3016,360.00,2510,506,377,0
1784777015,8,0,3024,360.51,2518,506,378,0
1784777016,8,0,3016,359.51,2500,516,377,0
1784777017,8,0,3024,359.00,2519,505,378,0
1784777018,8,0,3016,359.85,2515,501,377,0
1784777019,8,0,3024,360.00,2514,510,378,0
1784777020,8,0,3024,359.68,2508,516,378,0
1784777021,8,0,3024,359.46,2507,517,378,0
1784777022,8,0,3016,359.47,2506,510,377,0
1784777023,8,0,3024,360.00,2502,522,378,0
1784777024,8,0,3032,360.00,2521,511,379,0
1784777025,8,0,3024,360.00,2501,523,378,0
1784777026,8,0,3032,360.00,2521,511,379,0
1784777027,8,0,3040,359.71,2503,537,380,0
1784777028,8,0,3024,359.00,2526,498,378,0
1784777029,8,0,3024,359.96,2520,504,378,0
1784777030,8,0,3024,360.21,2514,510,378,0
1784777031,8,0,3016,360.00,2533,483,377,0
1784777032,8,0,3032,359.72,2534,498,379,0
1784777033,8,0,3024,359.00,2525,499,378,0
1784777034,8,0,3024,359.90,2525,499,378,0
1784777035,8,0,3024,360.00,2525,499,378,0
1784777036,8,0,3024,360.00,2528,496,378,0
1784777037,8,0,3024,359.54,2529,495,378,0
1784777038,8,0,3024,359.80,2516,508,378,0
1784777039,8,0,3016,360.00,2515,501,377,0
1784777040,8,0,3024,360.00,2510,514,378,0
1784777041,8,0,3032,360.00,2514,518,379,0
1784777042,8,0,3024,360.18,2516,508,378,0
1784777043,8,0,3024,360.00,2525,499,378,0
1784777044,8,0,3016,359.05,2498,518,377,0
1784777045,8,0,3024,359.61,2507,517,378,0
1784777046,8,0,3032,359.72,2530,502,379,0
1784777047,8,0,3032,359.87,2496,536,379,0
1784777048,8,0,3016,359.64,2515,501,377,0
1784777049,8,0,3024,360.00,2530,494,378,0
1784777050,8,0,3032,360.00,2548,484,379,0
1784777051,8,0,3040,359.61,2527,513,380,0
1784777052,8,0,3024,359.65,2510,514,378,0
1784777053,8,0,3024,360.00,2523,501,378,0
1784777054,8,0,3040,360.00,2523,517,380,0
1784777055,8,0,3024,359.68,2514,510,378,0
1784777056,8,0,3016,359.54,2523,493,377,0
1784777057,8,0,3024,359.80,2509,515,378,0
1784777058,8,0,3032,360.00,2504,528,379,0
1784777059,8,0,3016,360.00,2503,513,377,0
1784777060,8,0,3016,359.78,2512,504,377,0
1784777061,8,0,3024,359.00,2520,504,378,0
1784777062,8,0,3016,359.14,2518,498,377,0
1784777063,8,0,3024,360.00,2502,522,378,0
1784777064,8,0,3016,359.97,2515,501,377,0
1784777065,8,0,3040,360.00,2521,519,380,0
1784777066,8,0,3016,360.00,2507,509,377,0
1784777067,8,0,3040,360.00,2514,526,380,0
1784777069,8,0,3032,359.94,2514,518,379,0
1784777070,8,0,3024,359.47,2507,517,378,0
1784777071,8,0,3040,359.99,2524,516,380,0
1784777072,8,0,3032,360.56,2505,527,379,0
1784777442,0,0,0,0.00,0,0,0,0
1784777443,0,0,0,0.00,0,0,0,0
1784777444,8,0,40,361.00,37,3,5,0
1784777445,8,0,3024,360.40,2611,413,378,0
1784777446,8,0,3048,360.52,2612,436,381,0
1784777447,8,0,3024,359.26,2584,440,378,0
1784777448,8,0,3024,359.00,2580,444,378,0
1784777449,8,0,3024,359.21,2597,427,378,0
1784777450,8,0,3032,360.00,2605,427,379,0
1784777451,8,0,3064,360.35,2624,440,383,0
1784777452,8,0,3024,359.37,2602,422,378,0
1784777453,8,0,3024,359.38,2605,419,378,0
1784777454,8,0,3024,359.99,2587,437,378,0
1784777455,8,0,3032,359.91,2596,436,379,0
1784777456,8,0,3024,359.38,2594,430,378,0
1784777457,8,0,3016,359.61,2593,423,377,0
1784777459,8,0,3024,359.76,2578,446,378,0
1784777460,8,0,3024,360.00,2599,425,378,0
1784777461,8,0,3024,359.60,2591,433,378,0
1784777462,8,0,3024,359.00,2600,424,378,0
1784777463,8,0,3024,359.00,2596,428,378,0
1784777464,8,0,3024,359.10,2580,444,378,0
1784777465,8,0,3032,358.71,2593,439,379,0
1784777466,8,0,3024,360.04,2576,448,378,0
1784777467,8,0,3016,361.92,2590,426,377,0
1784777468,8,0,3024,360.53,2589,435,378,0
1784777469,8,0,3032,359.45,2581,451,379,0
1784777470,8,0,3032,359.00,2607,425,379,0
1784777471,8,0,3024,359.93,2581,443,378,0
1784777472,8,0,3032,360.00,2611,421,379,0
1784777473,8,0,3016,360.00,2596,420,377,0
1784777474,8,0,3016,359.41,2576,440,377,0
1784777475,8,0,3024,359.28,2606,418,378,0
1784777476,8,0,3032,359.94,2600,432,379,0
1784777477,8,0,3024,359.50,2591,433,378,0
1784777478,8,0,3032,359.36,2592,440,379,0
1784777479,8,0,3024,359.14,2588,436,378,0
1784777480,8,0,3024,358.90,2583,441,378,0
1784777481,8,0,3024,360.45,2591,433,378,0
1784777482,8,0,3032,360.16,2603,429,379,0
1784777483,8,0,3024,359.49,2595,429,378,0
1784777484,8,0,3032,356.68,2597,435,379,0
1784777485,8,0,3040,358.73,2604,436,380,0
1784777486,8,0,3024,363.34,2583,441,378,0
1784777487,8,0,3024,361.44,2589,435,378,0
1784777488,8,0,3024,359.20,2587,437,378,0
1784777489,8,0,3024,358.99,2600,424,378,0
1784777490,8,0,3032,359.01,2591,441,379,0
1784777491,8,0,3024,359.89,2581,443,378,0
1784777492,8,0,3024,359.66,2597,427,378,0
1784777493,8,0,3024,360.00,2601,423,378,0
1784777494,8,0,3024,359.30,2604,420,378,0
1784777495,8,0,3048,359.90,2609,439,381,0
1784777496,8,0,3024,360.00,2592,432,378,0
1784777497,8,0,3024,359.79,2597,427,378,0
1784777498,8,0,3024,359.63,2607,417,378,0
1784777499,8,0,3016,359.23,2580,436,377,0
1784777500,8,0,3032,360.00,2615,417,379,0
1784777501,8,0,3024,360.00,2595,429,378,0
1784777502,8,0,3024,359.57,2595,429,378,0
1784777503,8,0,3032,359.00,2606,426,379,0
1784777504,8,0,3024,359.12,2588,436,378,0
1784777505,8,0,3032,360.00,2614,418,379,0
1784777506,8,0,3024,360.00,2610,414,378,0
1784777507,8,0,3024,360.31,2602,422,378,0
1784777508,8,0,3032,360.31,2605,427,379,0
1784777509,8,0,3016,360.00,2582,434,377,0
1784777510,8,0,3040,360.00,2612,428,380,0
1784777511,8,0,3032,359.11,2602,430,379,0
1784777512,8,0,3016,359.66,2589,427,377,0
1784777513,8,0,3032,359.65,2589,443,379,0
1784777514,8,0,3064,359.70,2621,443,383,0
1784777515,8,0,3024,360.00,2595,429,378,0
1784777516,8,0,3024,359.55,2581,443,378,0
1784777517,8,0,3024,359.50,2585,439,378,0
1784777518,8,0,3016,360.00,2563,453,377,0
1784777519,8,0,3016,359.41,2580,436,377,0
1784777520,8,0,3048,359.45,2621,427,381,0
1784777521,8,0,3032,360.00,2573,459,379,0
1784777522,8,0,3024,360.00,2586,438,378,0
1784777523,8,0,3032,359.79,2573,459,379,0
1784777524,8,0,3032,359.18,2611,421,379,0
1784777525,8,0,3048,360.00,2616,432,381,0
1784777526,8,0,3024,360.56,2579,445,378,0
1784777527,8,0,3024,360.00,2581,443,378,0
1784777528,8,0,3024,360.32,2589,435,378,0
1784777529,8,0,3024,359.52,2597,427,378,0
1784777530,8,0,3032,359.55,2596,436,379,0
1784777531,8,0,3016,359.97,2571,445,377,0
1784777532,8,0,3024,359.82,2576,448,378,0
1784777533,8,0,3024,360.00,2573,451,378,0
1784777534,8,0,3024,359.82,2622,402,378,0
1784777535,8,0,3016,359.12,2576,440,377,0
1784777536,8,0,3024,360.21,2578,446,378,0
1784777537,8,0,3032,360.50,2585,447,379,0
1784777538,8,0,3024,359.63,2558,466,378,0
1784777539,8,0,3016,359.13,2556,460,377,0
1784777540,8,0,3024,360.00,2542,482,378,0
1784777541,8,0,3024,359.98,2545,479,378,0
1784777542,8,0,3040,359.55,2570,470,380,0
1784777543,8,0,3024,360.00,2558,466,378,0
1784777544,8,0,3024,360.00,2559,465,378,0
1784777545,8,0,3016,359.15,2546,470,377,0
1784777546,8,0,3024,360.00,2558,466,378,0
1784777547,8,0,3032,359.77,2575,457,379,0
1784777548,8,0,3016,360.05,2589,427,377,0
1784777549,8,0,3040,359.47,2633,407,380,0
1784777550,8,0,3032,359.00,2594,438,379,0
1784777551,8,0,3032,359.94,2594,438,379,0
1784777552,8,0,3040,360.57,2610,430,380,0
1784777553,8,0,3024,359.42,2617,407,378,0
1784777554,8,0,3016,359.00,2593,423,377,0
1784777555,8,0,3024,359.69,2599,425,378,0
1784777556,8,0,3024,360.38,2586,438,378,0
1784777557,8,0,3024,360.35,2606,418,378,0
1784777558,8,0,3024,359.44,2606,418,378,0
1784777559,8,0,3024,359.00,2614,410,378,0
1784777560,8,0,3024,359.90,2605,419,378,0
1784777561,8,0,3032,360.65,2634,398,379,0
1784777562,8,0,3024,359.79,2639,385,378,0
1784777563,8,0,3016,359.91,2637,379,377,0
1784777564,8,0,3024,359.19,2652,372,378,0
1784777565,8,0,3024,359.16,2640,384,378,0
1784777566,8,0,3032,360.94,2646,386,379,0
1784777567,8,0,3024,359.81,2639,385,378,0
1784777568,8,0,3024,359.00,2659,365,378,0
1784777569,8,0,3032,359.76,2658,374,379,0
1784777570,8,0,3024,360.86,2659,365,378,0
1784777571,8,0,3024,359.49,2650,374,378,0
1784777572,8,0,3016,359.13,2644,372,377,0
1784777573,8,0,3024,359.93,2651,373,378,0
1784777574,8,0,3024,359.54,2662,362,378,0
1784777575,8,0,3024,360.00,2652,372,378,0
1784777576,8,0,3024,359.75,2673,351,378,0
1784777577,8,0,3024,359.00,2663,361,378,0
1784777578,8,0,3024,359.09,2656,368,378,0
1784777579,8,0,3032,360.00,2662,370,379,0
1784777580,8,0,3032,360.63,2657,375,379,0
1784777581,8,0,3032,360.00,2660,372,379,0
1784777582,8,0,3024,360.00,2653,371,378,0
1784777583,8,0,3024,360.00,2670,354,378,0
1784777584,8,0,3016,359.85,2633,383,377,0
1784777585,8,0,3024,359.00,2635,389,378,0
1784777586,8,0,3032,360.01,2645,387,379,0
1784777587,8,0,3024,361.00,2557,467,378,0
1784777588,8,0,3024,360.85,2564,460,378,0
1784777589,8,0,3024,359.74,2542,482,378,0
1784777590,8,0,3024,359.00,2582,442,378,0
1784777591,8,0,3024,359.80,2641,383,378,0
1784777592,8,0,3024,360.25,2603,421,378,0
1784777593,8,0,3024,360.00,2635,389,378,0
1784777594,8,0,3024,360.08,2638,386,378,0
1784777595,8,0,3032,356.92,2570,462,379,0
1784777596,8,0,3024,364.27,2573,451,378,0
1784777597,8,0,3024,360.15,2625,399,378,0
1784777598,8,0,3024,356.13,2643,381,378,0
1784777599,8,0,3024,360.08,2649,375,378,0
1784777600,8,0,3016,361.73,2619,397,377,0
1784777601,8,0,3024,358.61,2626,398,378,0
1784777602,8,0,3016,358.85,2571,445,377,0
1784777603,8,0,3032,361.63,2585,447,379,0
1784777604,8,0,3024,360.36,2571,453,378,0
1784777605,8,0,3040,358.98,2582,458,380,0
1784777606,8,0,3024,358.86,2572,452,378,0
1784777607,8,0,3024,361.70,2606,418,378,0
1784777608,8,0,3024,356.93,2650,374,378,0
1784777609,8,0,3024,358.72,2604,420,378,0
1784777610,8,0,3016,360.70,2586,430,377,0
1784777611,8,0,3024,361.00,2605,419,378,0
1784777612,8,0,3032,360.18,2636,396,379,0
1784777613,8,0,3032,359.12,2627,405,379,0
1784777614,8,0,3032,358.30,2584,448,379,0
1784777615,8,0,3024,359.90,2612,412,378,0
1784777616,8,0,3040,360.03,2612,428,380,0
1784777617,8,0,3040,358.76,2625,415,380,0
1784777618,8,0,3032,359.45,2603,429,379,0
1784777619,8,0,3016,361.72,2598,418,377,0
1784777620,8,0,3024,360.46,2582,442,378,0
1784777621,8,0,3032,358.09,2616,416,379,0
1784777622,8,0,3024,358.50,2609,415,378,0
1784777623,8,0,3016,360.56,2612,404,377,0
1784777624,8,0,3024,361.72,2619,405,378,0
1784777625,8,0,3032,359.30,2608,424,379,0
1784777626,8,0,3016,359.10,2605,411,377,0
1784777627,8,0,3024,359.58,2607,417,378,0
1784777628,8,0,3024,360.06,2592,432,378,0
1784777629,8,0,3024,360.67,2637,387,378,0
1784777630,8,0,3024,357.34,2605,419,378,0
1784777631,8,0,3032,362.23,2645,387,379,0
1784777632,8,0,3024,358.89,2594,430,378,0
1784777633,8,0,3032,358.86,2596,436,379,0
1784777634,8,0,3016,359.90,2584,432,377,0
1784777635,8,0,3040,360.38,2627,413,380,0
1784777636,8,0,3024,360.34,2595,429,378,0
1784777637,8,0,3040,359.09,2604,436,380,0
1784777638,8,0,3032,359.64,2609,423,379,0
1784777639,8,0,3024,360.00,2600,424,378,0
1784777640,8,0,3024,359.96,2587,437,378,0
1784778327,0,0,0,0.00,0,0,0,0
1784778328,8,0,16,360.00,7,9,2,0
1784778329,8,0,3024,360.00,2595,429,378,0
1784778330,8,0,3024,360.00,2600,424,378,0
1784778331,8,0,3024,359.68,2591,433,378,0
1784778332,8,0,3024,359.79,2587,437,378,0
1784778333,8,0,3016,360.00,2597,419,377,0
1784778334,8,0,3024,359.92,2585,439,378,0
1784778335,8,0,3024,359.00,2592,432,378,0
1784778336,8,0,3016,359.41,2567,449,377,0
1784778337,8,0,3032,360.00,2589,443,379,0
1784778338,8,0,3032,360.33,2602,430,379,0
1784778339,8,0,3024,359.76,2612,412,378,0
1784778340,8,0,3032,359.20,2595,437,379,0
1784778341,8,0,3016,360.00,2600,416,377,0
1784778342,8,0,3032,360.00,2582,450,379,0
1784778343,8,0,3024,359.56,2605,419,378,0
1784778344,8,0,3024,359.18,2605,419,378,0
1784778345,8,0,3024,360.00,2591,433,378,0
1784778346,8,0,3024,360.00,2577,447,378,0
1784778347,8,0,3032,359.63,2580,452,379,0
1784778348,8,0,3024,360.00,2581,443,378,0
1784778349,8,0,3032,360.00,2614,418,379,0
1784778350,8,0,3024,360.00,2618,406,378,0
1784778351,8,0,3016,360.00,2575,441,377,0
1784778352,8,0,3024,359.59,2600,424,378,0
1784778353,8,0,3024,359.29,2585,439,378,0
1784778354,8,0,3024,359.89,2592,432,378,0
1784778355,8,0,3024,359.82,2614,410,378,0
1784778356,8,0,3032,359.97,2590,442,379,0
1784778357,8,0,3016,360.00,2563,453,377,0
1784778358,8,0,3024,359.85,2581,443,378,0
1784778359,8,0,3024,359.70,2593,431,378,0
1784778360,8,0,3024,359.00,2591,433,378,0
1784778361,8,0,3024,359.54,2578,446,378,0
1784778362,8,0,3024,360.00,2582,442,378,0
1784778363,8,0,3024,360.00,2566,458,378,0
1784778364,8,0,3024,360.00,2591,433,378,0
1784778365,8,0,3032,360.00,2599,433,379,0
1784778366,8,0,3024,360.00,2587,437,378,0
1784778367,8,0,3024,359.53,2582,442,378,0
1784778368,8,0,3024,359.41,2589,435,378,0
1784778369,8,0,3024,359.58,2592,432,378,0
1784778370,8,0,3024,360.00,2586,438,378,0
1784778371,8,0,3016,359.33,2589,427,377,0
1784778372,8,0,3024,359.52,2591,433,378,0
1784778373,8,0,3024,360.11,2590,434,378,0
1784778374,8,0,3024,360.60,2591,433,378,0
1784778375,8,0,3024,359.18,2587,437,378,0
1784778376,8,0,3024,359.73,2591,433,378,0
1784778377,8,0,3024,360.41,2598,426,378,0
1784778378,8,0,3024,360.67,2591,433,378,0
1784778379,8,0,3040,359.51,2617,423,380,0
1784778380,8,0,3016,359.00,2565,451,377,0
1784778381,8,0,3016,359.00,2565,451,377,0
1784778382,8,0,3032,360.00,2584,448,379,0
1784778383,8,0,3024,360.00,2568,456,378,0
1784778384,8,0,3032,360.00,2620,412,379,0
1784778385,8,0,3040,360.00,2581,459,380,0
1784778386,8,0,3056,360.00,2559,497,382,0
1784778387,8,0,3016,359.51,2620,396,377,0
1784778388,8,0,3024,359.44,2651,373,378,0
1784778389,8,0,3016,359.00,2624,392,377,0
1784778390,8,0,3024,359.65,2688,336,378,0
1784778391,8,0,3024,359.45,2667,357,378,0
1784778392,8,0,3032,358.87,2672,360,379,0
1784778393,8,0,3016,360.73,2654,362,377,0
1784778394,8,0,3032,359.78,2676,356,379,0
1784778395,8,0,3024,359.93,2680,344,378,0
1784778396,8,0,3016,359.71,2633,383,377,0
1784778397,8,0,3016,359.81,2658,358,377,0
1784778398,8,0,3032,359.48,2669,363,379,0
1784778399,8,0,3024,360.00,2652,372,378,0
1784778400,8,0,3016,360.00,2639,377,377,0
1784778401,8,0,3032,360.00,2660,372,379,0
1784778402,8,0,3016,360.00,2638,378,377,0
1784778403,8,0,3032,359.51,2633,399,379,0
1784778404,8,0,3016,359.92,2621,395,377,0
1784778405,8,0,3024,360.00,2660,364,378,0
1784778406,8,0,3032,359.06,2676,356,379,0
1784778407,8,0,3048,359.74,2673,375,381,0
1784778408,8,0,3040,360.00,2675,365,380,0
1784778409,8,0,3024,359.88,2672,352,378,0
1784778410,8,0,3032,360.00,2684,348,379,0
1784778411,8,0,3016,359.98,2663,353,377,0
1784778412,8,0,3032,359.16,2678,354,379,0
1784778413,8,0,3024,359.78,2669,355,378,0
1784778414,8,0,3032,359.66,2639,393,379,0
1784778415,8,0,3024,360.00,2638,386,378,0
1784778416,8,0,3048,360.03,2679,369,381,0
1784778417,8,0,3024,360.12,2248,776,378,0
1784778418,8,0,3032,359.00,2000,1032,379,0
1784778419,8,0,3024,359.53,1963,1061,378,0
1784778420,8,0,3024,359.52,2004,1020,378,0
1784778421,8,0,3032,359.25,1982,1050,379,0
1784778422,8,0,3024,360.39,2014,1010,378,0
1784778423,8,0,3016,361.06,1969,1047,377,0
1784778424,8,0,3064,249.93,1339,1725,383,0
1784778425,8,0,3024,382.66,2608,416,378,0
1784778426,8,0,3016,403.85,2607,409,377,0
1784778427,8,0,3024,368.63,2399,625,378,0
1784778428,8,0,3032,349.36,2287,745,379,0
1784778429,8,0,3024,352.44,2312,712,378,0
1784778430,8,0,3032,360.18,2268,764,379,0
1784778431,8,0,3032,361.59,2219,813,379,0
1784778432,8,0,3032,360.34,2219,813,379,0
1784778433,8,0,3024,359.24,2177,847,378,0
1784778434,8,0,3016,359.42,2187,829,377,0
1784778435,8,0,3024,360.00,2194,830,378,0
1784778436,8,0,3016,360.00,2192,824,377,0
1784778437,8,0,3032,360.00,2220,812,379,0
1784778438,8,0,3024,360.00,2204,820,378,0
1784778439,8,0,3016,359.04,2200,816,377,0
1784778440,8,0,3024,359.44,2208,816,378,0
1784778441,8,0,3040,360.00,2206,834,380,0
1784778442,8,0,3072,360.63,2220,852,384,0
1784778443,8,0,3032,359.85,2206,826,379,0
1784778444,8,0,3024,359.52,2226,798,378,0
1784778445,8,0,3024,359.53,2447,577,378,0
1784778446,8,0,3024,358.24,2617,407,378,0
1784778447,8,0,3016,359.75,2485,531,377,0
1784778448,8,0,3024,361.00,2237,787,378,0
1784778449,8,0,3024,359.72,2183,841,378,0
1784778450,8,0,3024,358.80,2141,883,378,0
1784778451,8,0,3016,359.76,2189,827,377,0
1784778452,8,0,3048,359.48,2419,629,381,0
1784778453,8,0,3032,360.46,2676,356,379,0
1784778454,8,0,3048,362.41,2667,381,381,0
1784778455,8,0,3024,359.32,2644,380,378,0
1784778456,8,0,3024,359.00,2625,399,378,0
1784778457,8,0,3024,359.00,2444,580,378,0
1784778458,8,0,3032,359.79,2319,713,379,0
1784778459,8,0,3024,360.00,2263,761,378,0
1784778460,8,0,3032,360.43,2189,843,379,0
1784778461,8,0,3032,359.74,2160,872,379,0
1784778462,8,0,3032,359.00,2145,887,379,0
1784778463,8,0,3024,359.00,2121,903,378,0
1784778464,8,0,3016,359.99,2139,877,377,0
1784778465,8,0,3032,360.00,2121,911,379,0
1784778466,8,0,3016,360.00,2125,891,377,0
1784778467,8,0,3056,359.63,2119,937,382,0
1784778468,8,0,3016,360.00,2117,899,377,0
1784778469,8,0,3008,360.00,2252,756,376,0
1784778470,8,0,3040,360.00,2637,403,380,0
1784778471,8,0,3024,359.52,2621,403,378,0
1784778472,8,0,3016,358.74,2621,395,377,0
1784778473,8,0,3032,360.23,2631,401,379,0
1784778474,8,0,3024,360.60,2635,389,378,0
1784778475,8,0,3032,359.77,2639,393,379,0
1784778476,8,0,3032,359.69,2627,405,379,0
1784778477,8,0,3024,360.00,2629,395,378,0
1784778478,8,0,3016,359.75,2634,382,377,0
1784778479,8,0,3024,359.53,2626,398,378,0
1784778480,8,0,3032,359.23,2502,530,379,0
1784778481,8,0,3024,360.00,2591,433,378,0
1784778482,8,0,3040,360.71,2582,458,380,0
1784778483,8,0,3024,359.15,2236,788,378,0
1784778484,8,0,3024,358.40,2235,789,378,0
1784778485,8,0,3032,359.03,2232,800,379,0
1784778486,8,0,3024,360.96,2238,786,378,0
1784778487,8,0,3024,360.49,2245,779,378,0
1784778488,8,0,3032,359.07,2243,789,379,0
1784778489,8,0,3048,359.80,2253,795,381,0
1784778490,8,0,3016,360.00,2603,413,377,0
1784778491,8,0,3024,360.00,2572,452,378,0
1784778492,8,0,3024,360.00,2554,470,378,0
1784778493,8,0,3032,360.00,2574,458,379,0
1784778494,8,0,3024,360.00,2550,474,378,0
1784778495,8,0,3032,360.00,2557,475,379,0
1784778496,8,0,3024,359.61,2548,476,378,0
1784778497,8,0,3032,360.05,2568,464,379,0
1784778498,8,0,3016,360.09,2551,465,377,0
1784778499,8,0,3032,359.73,2554,478,379,0
1784778501,8,0,3032,359.71,2583,449,379,0
1784778502,8,0,3024,359.53,2558,466,378,0
1784778503,8,0,3024,359.39,2555,469,378,0
1784778504,8,0,3016,360.00,2568,448,377,0
1784778505,8,0,3024,360.09,2544,480,378,0
1784778506,8,0,3024,360.00,2565,459,378,0
1784778507,8,0,3024,360.00,2552,472,378,0
1784778508,8,0,3048,360.00,2579,469,381,0
1784778509,8,0,3024,359.76,2560,464,378,0
1784778510,8,0,3024,359.16,2567,457,378,0
1784778511,8,0,3024,360.04,2558,466,378,0
1784778512,8,0,3024,360.71,2557,467,378,0
1784778513,8,0,3024,359.06,2569,455,378,0
1784778514,8,0,3024,359.00,2558,466,378,0
1784778515,8,0,3024,359.00,2553,471,378,0
1784778516,8,0,3016,359.96,2576,440,377,0
1784778517,8,0,3024,360.26,2563,461,378,0
1784778518,8,0,3024,360.06,2573,451,378,0
1784778519,8,0,3016,360.00,2530,486,377,0
1784778520,8,0,3024,358.27,2517,507,378,0
1784778521,8,0,3032,357.04,2536,496,379,0
1784778522,8,0,3016,360.06,2558,458,377,0
1784778523,8,0,3032,361.66,2581,451,379,0
1784778524,8,0,3032,360.48,2574,458,379,0
1784778525,8,0,3024,360.00,2573,451,378,0
1784778526,8,0,3024,359.51,2572,452,378,0
1784778527,8,0,3024,359.32,2576,448,378,0
1784778528,8,0,3024,360.00,2586,438,378,0
1784778529,8,0,3024,359.80,2580,444,378,0
1784778530,8,0,3016,359.51,2591,425,377,0
1784778531,8,0,3032,360.21,2558,474,379,0
1784778532,8,0,3032,360.26,2539,493,379,0
1784778533,8,0,3024,359.91,2550,474,378,0
1784778534,8,0,3024,359.00,2559,465,378,0
1784778535,8,0,3024,359.47,2571,453,378,0
1784778536,8,0,3024,360.00,2551,473,378,0
1784778537,8,0,3024,359.69,2565,459,378,0
1784778538,8,0,3024,359.68,2539,485,378,0
1784778539,8,0,3040,360.00,2565,475,380,0
1784778540,8,0,3016,360.00,2532,484,377,0
1784778541,8,0,3024,359.99,2579,445,378,0
1784778542,8,0,3032,359.00,2595,437,379,0
1784778543,8,0,3040,359.43,2597,443,380,0
1784778544,8,0,3024,359.92,2575,449,378,0
1784778545,8,0,3032,360.44,2581,451,379,0
1784778546,8,0,3024,359.42,2575,449,378,0
1784778547,8,0,3016,359.09,2562,454,377,0
1784778548,8,0,3024,360.00,2596,428,378,0
1784778549,8,0,3032,360.00,2582,450,379,0
1784778550,8,0,3024,359.79,2595,429,378,0
1784778551,8,0,3032,359.02,2575,457,379,0
1784778552,8,0,3024,359.63,2552,472,378,0
1784778553,8,0,3024,360.00,2559,465,378,0
1784778554,8,0,3016,360.56,2563,453,377,0
1784778555,8,0,3032,359.85,2569,463,379,0
1784778556,8,0,3024,359.63,2574,450,378,0
1784778557,8,0,3032,360.00,2597,435,379,0
1784778558,8,0,3024,358.61,2558,466,378,0
1784778559,8,0,3024,356.86,2566,458,378,0
1784778560,8,0,3032,359.55,2258,774,379,0
1784778561,8,0,3024,360.82,1886,1138,378,0
1784778562,8,0,3016,361.38,1914,1102,377,0
1784778563,8,0,3032,359.84,2356,676,379,0
1784778564,8,0,3024,360.00,2555,469,378,0
1784778565,8,0,3048,360.00,2612,436,381,0
1784778566,8,0,3016,360.00,2572,444,377,0
1784778567,8,0,3024,360.00,2575,449,378,0
1784778568,8,0,3024,360.00,2542,482,378,0
1784778569,8,0,3024,360.00,2483,541,378,0
1784778570,8,0,3016,359.76,2013,1003,377,0
1784778571,8,0,3032,359.23,1892,1140,379,0
1784778572,8,0,3024,359.40,1906,1118,378,0
1784778573,8,0,3016,359.68,2441,575,377,0
1784778574,8,0,3040,360.06,2584,456,380,0
1784778575,8,0,3016,360.00,2582,434,377,0
1784778576,8,0,3024,359.82,2572,452,378,0
1784778577,8,0,3024,359.60,2587,437,378,0
1784778578,8,0,3024,360.00,2566,458,378,0
1784778579,8,0,3024,360.00,2585,439,378,0
1784778580,8,0,3024,359.05,2579,445,378,0
1784778581,8,0,3016,359.54,2560,456,377,0
1784778582,8,0,3016,360.05,2559,457,377,0
1784778583,8,0,3024,360.68,2571,453,378,0
1784778584,8,0,3024,360.00,2556,468,378,0
1784778585,8,0,3024,359.04,2566,458,378,0
1784778586,8,0,3024,359.38,2557,467,378,0
1784778587,8,0,3040,360.00,2597,443,380,0
1784778588,8,0,3024,360.43,2593,431,378,0
1784778589,8,0,3016,360.30,2561,455,377,0
1784778590,8,0,3032,359.76,2570,462,379,0
1784778591,8,0,3016,359.15,2515,501,377,0
1784778592,8,0,3024,360.00,2541,483,378,0
1784778593,8,0,3032,360.00,2545,487,379,0
1784778594,8,0,3032,360.16,2520,512,379,0
1784778595,8,0,3024,360.00,2492,532,378,0
1784778596,8,0,3032,359.03,2524,508,379,0
1784778597,8,0,3024,359.55,2502,522,378,0
1784778598,8,0,3016,360.75,2499,517,377,0
1784778599,8,0,3024,359.94,2513,511,378,0
1784778600,8,0,3016,359.13,2514,502,377,0
1784778601,8,0,3024,360.00,2506,518,378,0
1784778602,8,0,3016,360.43,2513,503,377,0
1784778603,8,0,3024,360.00,2507,517,378,0
1784778604,8,0,3032,359.40,2507,525,379,0
1784778605,8,0,3024,360.00,2502,522,378,0
1784778606,8,0,3024,359.42,2521,503,378,0
1784778607,8,0,3016,359.51,2504,512,377,0
1784778608,8,0,3024,360.00,2532,492,378,0
1784778609,8,0,3016,359.43,2517,499,377,0
1784778610,8,0,3024,359.20,2502,522,378,0
1784778611,8,0,3016,360.24,2499,517,377,0
1784778612,8,0,3024,360.62,2498,526,378,0
1784778613,8,0,3040,359.92,2491,549,380,0
1784778614,8,0,3032,359.22,2493,539,379,0
1784778615,8,0,3024,359.53,2480,544,378,0
1784778616,8,0,3024,359.52,2473,551,378,0
1784778617,8,0,3024,359.24,2485,539,378,0
1784778618,8,0,3024,360.00,2492,532,378,0
1784778619,8,0,3024,359.99,2510,514,378,0
1784778620,8,0,3016,359.96,2501,515,377,0
1784778621,8,0,3040,359.51,2510,530,380,0
1784778622,8,0,3016,359.64,2495,521,377,0
1784778623,8,0,3032,359.96,2515,517,379,0
1784778624,8,0,3024,360.00,2488,536,378,0
1784778625,8,0,3040,359.64,2516,524,380,0
1784778626,8,0,3016,358.81,2457,559,377,0
1784778627,8,0,3048,360.40,2487,561,381,0
1784778628,8,0,3024,360.69,2472,552,378,0
1784778629,8,0,3032,360.53,2439,593,379,0
1784778630,8,0,3024,359.99,2472,552,378,0
1784778631,8,0,3024,358.85,2466,558,378,0
1784778632,8,0,3016,360.15,2456,560,377,0
1784778633,8,0,3032,360.46,2475,557,379,0
1784778634,8,0,3024,360.00,2495,529,378,0
1784778635,8,0,3024,359.26,2488,536,378,0
1784778636,8,0,3032,359.65,2498,534,379,0
1784778637,8,0,3016,360.00,2467,549,377,0
1784778638,8,0,3024,360.00,2459,565,378,0
1784778639,8,0,3032,360.00,2501,531,379,0
1784778640,8,0,3024,359.94,2500,524,378,0
1784778641,8,0,3024,360.03,2544,480,378,0
1784778642,8,0,3024,357.40,2501,523,378,0
1784778643,8,0,3016,360.03,2519,497,377,0
1784778644,8,0,3024,361.58,2514,510,378,0
1784778645,8,0,3032,356.94,2456,576,379,0
1784778646,8,0,3032,366.86,2509,523,379,0
1784778647,8,0,3024,353.12,2548,476,378,0
1784778648,8,0,3016,356.01,2505,511,377,0
1784778649,8,0,3024,363.09,2489,535,378,0
1784778650,8,0,3024,359.44,2449,575,378,0
1784778651,8,0,3024,357.00,2472,552,378,0
1784778652,8,0,3032,358.62,2544,488,379,0
1784778653,8,0,3016,360.51,2555,461,377,0
1784778654,8,0,3024,360.00,2510,514,378,0
1784778655,8,0,3024,363.17,2549,475,378,0
1784778656,8,0,3024,358.76,2582,442,378,0
1784778657,8,0,3024,349.13,2518,506,378,0
1784778658,8,0,3024,361.64,2624,400,378,0
1784778659,8,0,3024,368.77,2637,387,378,0
1784778660,8,0,3024,358.43,2634,390,378,0
1784778661,8,0,3016,357.14,2617,399,377,0
1784778662,8,0,3024,363.53,2565,459,378,0
1784778663,8,0,3016,354.11,2533,483,377,0
1784778664,8,0,3024,361.26,2553,471,378,0
1784778665,8,0,3024,361.67,2561,463,378,0
1784778666,8,0,3024,357.37,2563,461,378,0
1784778667,8,0,3024,353.88,2470,554,378,0
1784778668,8,0,3024,367.52,2551,473,378,0
1784778669,8,0,3024,367.96,2514,510,378,0
1784778670,8,0,3040,351.73,2511,529,380,0
1784778671,8,0,3024,358.29,2472,552,378,0
1784778672,8,0,3016,360.76,2489,527,377,0
1784778673,8,0,3024,362.57,2507,517,378,0
1784778674,8,0,3024,360.96,2487,537,378,0
1784778675,8,0,3024,358.78,2482,542,378,0
1784778676,8,0,3024,358.21,2475,549,378,0
1784778677,8,0,3024,359.00,2484,540,378,0
1784778678,8,0,3024,362.14,2488,536,378,0
1784778679,8,0,3024,360.86,2509,515,378,0
1784778680,8,0,3016,358.63,2505,511,377,0
1784778681,8,0,3024,354.57,2484,540,378,0
1784778682,8,0,3024,361.61,2499,525,378,0
1784778683,8,0,3016,365.71,2485,531,377,0
1784778684,8,0,3016,359.31,2500,516,377,0
1784778685,8,0,3016,356.88,2468,548,377,0
1784778686,8,0,3040,359.45,2509,531,380,0
1784778687,8,0,3016,360.94,2498,518,377,0
1784778688,8,0,3024,359.40,2497,527,378,0
1784778689,8,0,3024,359.72,2488,536,378,0
1784778690,8,0,3024,360.19,2522,502,378,0
1784778691,8,0,3032,359.05,2530,502,379,0
1784778692,8,0,3024,359.22,2521,503,378,0
1784778693,8,0,3016,362.64,2508,508,377,0
1784778694,8,0,3040,357.73,2560,480,380,0
1784778695,8,0,3040,354.65,2557,483,380,0
1784778696,8,0,3024,362.44,2595,429,378,0
1784778697,8,0,3024,362.54,2590,434,378,0
1784778698,8,0,3016,359.22,2509,507,377,0
1784778699,8,0,3024,357.98,2491,533,378,0
1784778700,8,0,3016,359.93,2483,533,377,0
1784778701,8,0,3024,356.90,2537,487,378,0
1784778702,8,0,3024,359.48,2563,461,378,0
1784778703,8,0,3024,363.75,2470,554,378,0
1784778704,8,0,3040,362.84,2481,559,380,0
1784778705,8,0,3016,355.62,2409,607,377,0
1784778706,8,0,3032,359.35,2429,603,379,0
1784778707,8,0,3016,360.07,2429,587,377,0
1784778708,8,0,3024,360.31,2419,605,378,0
1784778709,8,0,3024,359.79,2419,605,378,0
1784778710,8,0,3024,359.50,2428,596,378,0
1784778711,8,0,3024,362.15,2450,574,378,0
1784778712,8,0,3032,359.02,2532,500,379,0
1784778713,8,0,3024,355.34,2518,506,378,0
1784778714,8,0,3016,362.44,2549,467,377,0
1784778715,8,0,3024,362.05,2574,450,378,0
1784778716,8,0,3016,359.41,2559,457,377,0
1784778717,8,0,3040,358.61,2568,472,380,0
1784778718,8,0,3032,359.55,2552,480,379,0
1784778719,8,0,3016,360.85,2534,482,377,0
1784778720,8,0,3024,360.20,2543,481,378,0
1784778721,8,0,3032,359.36,2549,483,379,0
1784778722,8,0,3024,359.35,2530,494,378,0
1784778723,8,0,3032,360.00,2561,471,379,0
1784778724,8,0,3032,360.00,2550,482,379,0
1784778725,8,0,3016,360.00,2522,494,377,0
1784778727,8,0,3032,359.82,2538,494,379,0
1784778728,8,0,3016,360.13,2513,503,377,0
1784778729,8,0,3024,359.64,2540,484,378,0
1784778730,8,0,3024,359.00,2535,489,378,0
1784778731,8,0,3024,359.75,2539,485,378,0
1784778732,8,0,3024,359.99,2530,494,378,0
1784778733,8,0,3024,359.59,2536,488,378,0
1784778734,8,0,3024,359.74,2498,526,378,0
1784778735,8,0,3016,359.68,2519,497,377,0
1784778736,8,0,3024,360.00,2536,488,378,0
1784778737,8,0,3024,359.46,2534,490,378,0
1784778738,8,0,3032,360.00,2517,515,379,0
1784778739,8,0,3016,360.46,2532,484,377,0
1784778740,8,0,3024,360.25,2510,514,378,0
1784778741,8,0,3032,359.56,2542,490,379,0
1784778742,8,0,3024,359.17,2524,500,378,0
1784778743,8,0,3024,358.88,2506,518,378,0
1784778988,0,0,0,0.00,0,0,0,0
1784778989,0,0,0,0.00,0,0,0,0
1784778990,8,0,3024,360.00,2578,446,378,0
1784778991,8,0,3024,359.29,2561,463,378,0
1784778992,8,0,3016,359.00,2564,452,377,0
1784778993,8,0,3024,359.54,2587,437,378,0
1784778994,8,0,3024,360.01,2581,443,378,0
1784778995,8,0,3024,360.09,2588,436,378,0
1784778996,8,0,3024,359.56,2579,445,378,0
1784778997,8,0,3016,359.16,2555,461,377,0
1784778998,8,0,3016,360.00,2568,448,377,0
1784778999,8,0,3024,359.38,2579,445,378,0
1784779000,8,0,3024,359.95,2562,462,378,0
1784779001,8,0,3024,359.49,2568,456,378,0
1784779002,8,0,3024,360.00,2583,441,378,0
1784779003,8,0,3024,360.00,2583,441,378,0
1784779004,8,0,3024,359.99,2569,455,378,0
1784779005,8,0,3016,359.00,2539,477,377,0
1784779006,8,0,3032,356.60,2592,440,379,0
1784779007,8,0,3024,356.60,2594,430,378,0
1784779008,8,0,3008,360.62,2578,430,376,0
1784779009,8,0,3040,361.45,2602,438,380,0
1784779010,8,0,3016,360.32,2586,430,377,0
1784779011,8,0,3024,359.00,2566,458,378,0
1784779012,8,0,3024,359.70,2560,464,378,0
1784779013,8,0,3016,359.84,2553,463,377,0
1784779014,8,0,3024,359.02,2568,456,378,0
1784779015,8,0,3024,360.44,2585,439,378,0
1784779016,8,0,3024,360.53,2559,465,378,0
1784779017,8,0,3024,359.89,2568,456,378,0
1784779018,8,0,3024,359.00,2551,473,378,0
1784779019,8,0,3040,359.41,2580,460,380,0
1784779020,8,0,3016,360.00,2541,475,377,0
1784779021,8,0,3024,360.00,2536,488,378,0
1784779022,8,0,3024,360.16,2570,454,378,0
1784779023,8,0,3024,360.31,2558,466,378,0
1784779024,8,0,3024,359.38,2559,465,378,0
1784779025,8,0,3024,359.80,2556,468,378,0
1784779026,8,0,3024,359.71,2554,470,378,0
1784779027,8,0,3016,360.00,2547,469,377,0
1784779029,8,0,3040,359.94,2581,459,380,0
1784779030,8,0,3024,359.71,2582,442,378,0
1784779031,8,0,3032,360.00,2575,457,379,0
1784779032,8,0,3024,359.47,2575,449,378,0
1784779033,8,0,3024,359.74,2563,461,378,0
1784779034,8,0,3024,360.00,2573,451,378,0
1784779035,8,0,3016,360.00,2578,438,377,0
1784779036,8,0,3024,360.00,2594,430,378,0
1784779037,8,0,3016,359.99,2576,440,377,0
1784779038,8,0,3024,359.44,2581,443,378,0
1784779039,8,0,3032,360.00,2583,449,379,0
1784779040,8,0,3040,360.00,2579,461,380,0
1784779041,8,0,3024,360.00,2562,462,378,0
1784779042,8,0,3032,360.00,2562,470,379,0
1784779043,8,0,3016,359.66,2569,447,377,0
1784779044,8,0,3024,359.46,2582,442,378,0
1784779045,8,0,3024,360.00,2567,457,378,0
1784779046,8,0,3016,360.00,2558,458,377,0
1784779047,8,0,3024,359.89,2597,427,378,0
1784779048,8,0,3016,359.99,2574,442,377,0
1784779049,8,0,3024,360.00,2579,445,378,0
1784779050,8,0,3024,359.88,2567,457,378,0
1784779051,8,0,3032,359.83,2549,483,379,0
1784779052,8,0,3032,359.08,2572,460,379,0
1784779053,8,0,3056,359.15,2587,469,382,0
1784779054,8,0,3016,360.00,2570,446,377,0
1784779055,8,0,3032,360.00,2567,465,379,0
1784779056,8,0,3024,360.00,2574,450,378,0
1784779057,8,0,3040,359.72,2580,460,380,0
1784779058,8,0,3032,359.85,2581,451,379,0
1784779059,8,0,3024,359.93,2571,453,378,0
1784779060,8,0,3032,359.07,2584,448,379,0
1784779061,8,0,3040,360.00,2567,473,380,0
1784779062,8,0,3024,360.00,2568,456,378,0
1784779063,8,0,3040,359.26,2572,468,380,0
1784779064,8,0,3016,360.01,2563,453,377,0
1784779065,8,0,3024,359.66,2551,473,378,0
1784779066,8,0,3024,359.00,2556,468,378,0
1784779067,8,0,3056,359.70,2581,475,382,0
1784779068,8,0,3032,360.00,2555,477,379,0
1784779069,8,0,3016,360.50,2549,467,377,0
1784779070,8,0,3040,360.00,2574,466,380,0
1784779071,8,0,3040,360.00,2561,479,380,0
1784779072,8,0,3024,359.80,2562,462,378,0
1784779073,8,0,3032,359.77,2584,448,379,0
1784779074,8,0,3024,360.00,2557,467,378,0
1784779075,8,0,3032,360.00,2563,469,379,0
1784779076,8,0,3024,359.75,2574,450,378,0
1784779077,8,0,3024,359.00,2563,461,378,0
1784779078,8,0,3024,359.86,2552,472,378,0
1784779079,8,0,3024,360.00,2549,475,378,0
1784779393,0,0,0,0.00,0,0,0,0
1784779394,0,0,0,0.00,0,0,0,0
1784779395,8,0,24,360.00,22,2,3,0
1784779396,8,0,3024,360.00,2579,445,378,0
1784779397,8,0,3024,360.00,2612,412,378,0
1784779398,8,0,3024,360.00,2593,431,378,0
1784779399,8,0,3016,360.00,2575,441,377,0
1784779400,8,0,3080,360.00,2626,454,385,0
1784779401,8,0,3032,360.00,2592,440,379,0
1784779402,8,0,3016,360.00,2585,431,377,0
1784779403,8,0,3024,359.25,2579,445,378,0
1784779404,8,0,3016,359.02,2555,461,377,0
1784779405,8,0,3024,360.00,2583,441,378,0
1784779406,8,0,3032,360.00,2586,446,379,0
1784779407,8,0,3016,359.54,2577,439,377,0
1784779408,8,0,3024,359.00,2571,453,378,0
1784779409,8,0,3024,359.49,2594,430,378,0
1784779410,8,0,3016,360.00,2587,429,377,0
1784779411,8,0,3024,360.24,2576,448,378,0
1784779412,8,0,3024,359.24,2587,437,378,0
1784779413,8,0,3016,359.30,2592,424,377,0
1784779414,8,0,3032,360.52,2585,447,379,0
1784779415,8,0,3024,360.01,2599,425,378,0
1784779416,8,0,3024,359.00,2591,433,378,0
1784779417,8,0,3024,359.00,2588,436,378,0
1784779418,8,0,3016,359.89,2561,455,377,0
1784779419,8,0,3024,360.30,2572,452,378,0
1784779420,8,0,3024,360.00,2597,427,378,0
1784779421,8,0,3024,359.62,2577,447,378,0
1784779422,8,0,3024,359.76,2588,436,378,0
1784779423,8,0,3024,359.85,2584,440,378,0
1784779424,8,0,3024,359.98,2587,437,378,0
1784779425,8,0,3200,360.00,2728,472,400,0
1784779426,8,0,3024,359.78,2586,438,378,0
1784779427,8,0,3016,359.00,2565,451,377,0
1784779428,8,0,3024,359.85,2564,460,378,0
1784779429,8,0,3024,360.00,2571,453,378,0
1784779430,8,0,3072,360.00,2631,441,384,0
1784779431,8,0,3016,360.00,2582,434,377,0
1784779432,8,0,3024,359.62,2591,433,378,0
1784779433,8,0,3016,359.84,2576,440,377,0
1784779434,8,0,3032,360.00,2586,446,379,0
1784779435,8,0,3016,359.53,2590,426,377,0
1784779436,8,0,3024,359.63,2580,444,378,0
1784779437,8,0,3024,359.80,2593,431,378,0
1784779438,8,0,3024,360.00,2595,429,378,0
1784779439,8,0,3016,359.67,2606,410,377,0
1784779440,8,0,3024,360.00,2567,457,378,0
1784779441,8,0,3024,359.59,2604,420,378,0
1784779442,8,0,3016,360.20,2579,437,377,0
1784779443,8,0,3024,359.67,2566,458,378,0
1784779444,8,0,3016,359.78,2583,433,377,0
1784779445,8,0,3024,359.34,2591,433,378,0
1784779446,8,0,3024,360.00,2582,442,378,0
1784779447,8,0,3016,360.33,2588,428,377,0
1784779448,8,0,3024,359.70,2570,454,378,0
1784779449,8,0,3016,359.00,2569,447,377,0
1784779450,8,0,3024,359.00,2576,448,378,0
1784779451,8,0,3024,359.65,2596,428,378,0
1784779452,8,0,3016,360.54,2570,446,377,0
1784779453,8,0,3024,359.71,2584,440,378,0
1784779454,8,0,3016,359.67,2590,426,377,0
1784779455,8,0,3024,359.45,2585,439,378,0
1784779456,8,0,3024,360.00,2591,433,378,0
1784779457,8,0,3024,359.70,2604,420,378,0
1784779458,8,0,3016,359.92,2573,443,377,0
1784779459,8,0,3024,359.97,2585,439,378,0
1784779460,8,0,3024,359.00,2594,430,378,0
1784779461,8,0,3024,359.62,2587,437,378,0
1784779462,8,0,3024,360.62,2586,438,378,0
1784779463,8,0,3016,360.08,2569,447,377,0
1784779464,8,0,3024,359.67,2592,432,378,0
1784779465,8,0,3024,359.00,2587,437,378,0
1784779466,8,0,3024,359.90,2579,445,378,0
1784779467,8,0,3024,360.00,2596,428,378,0
1784779468,8,0,3016,360.00,2588,428,377,0
1784779469,8,0,3032,360.00,2605,427,379,0
1784779470,8,0,3024,359.50,2578,446,378,0
1784779471,8,0,3016,359.80,2582,434,377,0
1784779472,8,0,3024,360.00,2610,414,378,0
1784779473,8,0,3024,359.88,2580,444,378,0
1784779474,8,0,3024,359.97,2590,434,378,0
1784779475,8,0,3024,360.00,2590,434,378,0
1784779476,8,0,3016,359.86,2601,415,377,0
1784779477,8,0,3024,360.00,2587,437,378,0
1784779478,8,0,3024,359.28,2598,426,378,0
1784779479,8,0,3016,359.72,2580,436,377,0
1784779480,8,0,3024,360.00,2577,447,378,0
1784779481,8,0,3024,360.00,2596,428,378,0
1784779482,8,0,3024,359.87,2564,460,378,0
1784779483,8,0,3024,359.75,2592,432,378,0
1784779484,8,0,3016,359.42,2601,415,377,0
1784779485,8,0,3024,360.00,2596,428,378,0
1784779486,8,0,3024,359.79,2585,439,378,0
1784779487,8,0,3016,359.31,2606,410,377,0
1784779488,8,0,3024,359.56,2595,429,378,0
1784779489,8,0,3024,359.79,2596,428,378,0
1784779490,8,0,3024,360.00,2584,440,378,0
1784779631,0,0,0,0.00,0,0,0,0
1784779632,8,0,16,360.00,13,3,2,0
1784779633,8,0,3024,360.00,2568,456,378,0
1784779634,8,0,3024,360.00,2487,537,378,0
1784779635,8,0,3024,359.82,2438,586,378,0
1784779636,8,0,3024,359.24,2518,506,378,0
1784779637,8,0,3016,360.00,2506,510,377,0
1784779638,8,0,3024,359.47,2506,518,378,0
1784779639,8,0,3024,354.79,2510,514,378,0
1784779640,8,0,3024,357.66,2539,485,378,0
1784779641,8,0,3024,362.48,2550,474,378,0
1784779642,8,0,3024,362.57,2564,460,378,0
1784779643,8,0,3016,359.77,2550,466,377,0
1784779644,8,0,3024,359.03,2523,501,378,0
1784779645,8,0,3024,360.00,2488,536,378,0
1784779646,8,0,3024,360.00,2477,547,378,0
1784779647,8,0,3016,360.00,2471,545,377,0
1784779648,8,0,3032,360.00,2503,529,379,0
1784779649,8,0,3024,360.00,2480,544,378,0
1784779650,8,0,3024,359.19,2480,544,378,0
1784779651,8,0,3032,359.00,2492,540,379,0
1784779652,8,0,3024,359.24,2463,561,378,0
1784779653,8,0,3016,360.52,2492,524,377,0
1784779654,8,0,3040,360.86,2489,551,380,0
1784779655,8,0,3024,359.37,2510,514,378,0
1784779656,8,0,3016,359.11,2491,525,377,0
1784779657,8,0,3032,360.00,2502,530,379,0
1784779658,8,0,3032,360.00,2505,527,379,0
1784779659,8,0,3016,359.47,2481,535,377,0
1784779660,8,0,3032,359.58,2503,529,379,0
1784779661,8,0,3024,359.51,2493,531,378,0
1784779662,8,0,3016,360.00,2477,539,377,0
1784779663,8,0,3032,360.00,2519,513,379,0
1784779664,8,0,3024,360.00,2510,514,378,0
1784779665,8,0,3032,359.63,2511,521,379,0
1784779666,8,0,3016,359.45,2479,537,377,0
1784779667,8,0,3024,359.59,2515,509,378,0
1784779668,8,0,3024,360.00,2509,515,378,0
1784779669,8,0,3024,360.00,2525,499,378,0
1784779670,8,0,3032,360.00,2523,509,379,0
1784779671,8,0,3024,359.95,2497,527,378,0
1784779672,8,0,3024,359.00,2523,501,378,0
1784779673,8,0,3024,359.91,2503,521,378,0
1784779674,8,0,3024,358.00,2542,482,378,0
1784779675,8,0,3024,357.93,2485,539,378,0
1784779676,8,0,3016,363.78,2478,538,377,0
1784779677,8,0,3040,360.37,2467,573,380,0
1784779678,8,0,3016,358.40,2464,552,377,0
1784779679,8,0,3024,358.03,2513,511,378,0
1784779680,8,0,3032,360.70,2535,497,379,0
1784779681,8,0,3024,361.78,2479,545,378,0
1784779682,8,0,3016,360.82,2514,502,377,0
1784779683,8,0,3024,358.39,2507,517,378,0
1784779684,8,0,3032,359.00,2505,527,379,0
1784779685,8,0,3016,359.93,2548,468,377,0
1784779686,8,0,3024,359.77,2567,457,378,0
1784779687,8,0,3032,358.89,2514,518,379,0
1784779688,8,0,3016,359.92,2498,518,377,0
1784779689,8,0,3040,358.33,2504,536,380,0
1784779690,8,0,3024,359.83,2485,539,378,0
1784779691,8,0,3024,360.19,2504,520,378,0
1784779692,8,0,3024,360.69,2554,470,378,0
1784779693,8,0,3032,360.25,2534,498,379,0
1784779694,8,0,3040,360.17,2527,513,380,0
1784779695,8,0,3024,359.96,2525,499,378,0
1784779696,8,0,3032,360.00,2540,492,379,0
1784779697,8,0,3024,359.39,2525,499,378,0
1784779698,8,0,3016,360.00,2531,485,377,0
1784779699,8,0,3032,360.00,2548,484,379,0
1784779700,8,0,3024,359.49,2541,483,378,0
1784779701,8,0,3024,359.85,2551,473,378,0
1784779702,8,0,3024,360.00,2531,493,378,0
1784779703,8,0,3032,359.89,2548,484,379,0
1784779704,8,0,3024,359.53,2538,486,378,0
1784779705,8,0,3016,360.00,2542,474,377,0
1784779706,8,0,3024,360.00,2537,487,378,0
1784779707,8,0,3024,360.30,2529,495,378,0
1784779708,8,0,3032,359.80,2537,495,379,0
1784779709,8,0,3016,359.00,2535,481,377,0
1784779710,8,0,3032,359.72,2542,490,379,0
1784779711,8,0,3016,360.00,2515,501,377,0
1784779712,8,0,3032,359.67,2534,498,379,0
1784779713,8,0,3032,360.00,2535,497,379,0
1784779714,8,0,3024,359.57,2532,492,378,0
1784779715,8,0,3040,360.00,2558,482,380,0
1784779716,8,0,3024,360.00,2520,504,378,0
1784779717,8,0,3032,360.00,2547,485,379,0
1784779718,8,0,3032,359.40,2551,481,379,0
1784779719,8,0,3024,359.75,2543,481,378,0
1784779720,8,0,3032,359.45,2533,499,379,0
1784779721,8,0,3024,360.67,2546,478,378,0
1784779722,8,0,3016,359.94,2524,492,377,0
1784779723,8,0,3040,359.00,2534,506,380,0
1784779724,8,0,3016,359.56,2549,467,377,0
1784779725,8,0,3032,360.00,2562,470,379,0
1784779726,8,0,3024,360.00,2562,462,378,0
1784779727,8,0,3024,360.00,2528,496,378,0
1784779728,8,0,3024,360.00,2538,486,378,0
1784779729,8,0,3024,359.21,2557,467,378,0
1784779730,8,0,3024,359.42,2534,490,378,0
1784779731,8,0,3024,359.77,2552,472,378,0
1784779732,8,0,3032,360.34,2553,479,379,0
1784779733,8,0,3024,359.69,2539,485,378,0
1784779734,8,0,3032,359.00,2550,482,379,0
1784779735,8,0,3024,359.55,2544,480,378,0
1784779736,8,0,3024,360.00,2552,472,378,0
1784779737,8,0,3024,360.00,2549,475,378,0
1784779738,8,0,3024,360.00,2538,486,378,0
1784779739,8,0,3024,360.00,2559,465,378,0
1784779740,8,0,3040,359.33,2551,489,380,0
1784779741,8,0,3032,359.40,2532,500,379,0
1784779742,8,0,3024,360.30,2560,464,378,0
1784779743,8,0,3032,360.49,2544,488,379,0
1784779744,8,0,3016,359.40,2530,486,377,0
1784779745,8,0,3024,359.00,2544,480,378,0
1784779746,8,0,3024,359.45,2531,493,378,0
1784779747,8,0,3040,360.00,2543,497,380,0
1784779748,8,0,3016,360.22,2543,473,377,0
1784779749,8,0,3024,359.68,2552,472,378,0
1784779750,8,0,3032,359.99,2559,473,379,0
1784779751,8,0,3016,360.00,2535,481,377,0
1784779752,8,0,3024,360.00,2540,484,378,0
1784779753,8,0,3024,360.00,2553,471,378,0
1784779754,8,0,3032,359.59,2549,483,379,0
1784779755,8,0,3024,359.64,2523,501,378,0
1784779756,8,0,3024,360.00,2528,496,378,0
1784779757,8,0,3024,359.47,2526,498,378,0
1784779758,8,0,3024,359.07,2512,512,378,0
1784779759,8,0,3024,359.91,2537,487,378,0
1784779760,8,0,3024,360.00,2549,475,378,0
1784779761,8,0,3032,360.00,2517,515,379,0
1784779762,8,0,3024,360.00,2556,468,378,0
1784779763,8,0,3016,360.00,2541,475,377,0
1784779764,8,0,3024,359.80,2517,507,378,0
1784779765,8,0,3040,359.11,2537,503,380,0
1784779766,8,0,3016,359.97,2516,500,377,0
1784779767,8,0,3024,360.00,2531,493,378,0
1784779768,8,0,3032,360.00,2539,493,379,0
1784779769,8,0,3032,359.22,2547,485,379,0
1784779771,8,0,3032,359.83,2522,510,379,0
1784779772,8,0,3032,360.00,2513,519,379,0
1784779773,8,0,3024,360.00,2516,508,378,0
1784779774,8,0,3024,359.66,2512,512,378,0
1784779775,8,0,3024,359.51,2529,495,378,0
1784779776,8,0,3024,360.00,2522,502,378,0
1784779777,8,0,3024,360.00,2550,474,378,0
1784779778,8,0,3024,359.88,2522,502,378,0
1784779861,0,0,0,0.00,0,0,0,0
1784779862,8,0,8,359.00,8,0,1,0
1784779863,8,0,3016,359.00,2552,464,377,0
1784779864,8,0,3024,359.92,2526,498,378,0
1784779865,8,0,3024,360.26,2495,529,378,0
1784779866,8,0,3024,360.00,2484,540,378,0
1784779867,8,0,3024,359.70,2510,514,378,0
1784779868,8,0,3024,359.46,2510,514,378,0
1784779869,8,0,3016,359.94,2520,496,377,0
1784779870,8,0,3024,360.00,2519,505,378,0
1784779871,8,0,3024,359.18,2508,516,378,0
1784779872,8,0,3024,358.23,2513,511,378,0
1784779873,8,0,3024,359.72,2493,531,378,0
1784779874,8,0,3024,360.89,2524,500,378,0
1784779875,8,0,3016,360.22,2522,494,377,0
1784779876,8,0,3024,359.77,2525,499,378,0
1784779877,8,0,3024,359.17,2532,492,378,0
1784779878,8,0,3032,360.00,2521,511,379,0
1784779879,8,0,3032,360.00,2520,512,379,0
1784779880,8,0,3024,360.00,2517,507,378,0
1784779881,8,0,3016,359.94,2470,546,377,0
1784779882,8,0,3040,359.15,2530,510,380,0
1784779883,8,0,3016,360.00,2519,497,377,0
1784779884,8,0,3032,360.00,2513,519,379,0
1784779885,8,0,3024,360.00,2483,541,378,0
1784779886,8,0,3024,360.00,2535,489,378,0
1784779887,8,0,3016,360.00,2532,484,377,0
1784779888,8,0,3024,359.61,2499,525,378,0
1784779889,8,0,3040,359.16,2493,547,380,0
1784779890,8,0,3024,360.00,2518,506,378,0
1784779891,8,0,3024,360.00,2511,513,378,0
1784779892,8,0,3024,359.34,2496,528,378,0
1784779893,8,0,3032,359.93,2500,532,379,0
1784779894,8,0,3016,359.73,2506,510,377,0
1784779895,8,0,3024,359.63,2497,527,378,0
1784779896,8,0,3024,360.00,2516,508,378,0
1784779897,8,0,3024,359.32,2505,519,378,0
1784779898,8,0,3016,359.72,2461,555,377,0
1784779899,8,0,3024,360.00,2493,531,378,0
1784779900,8,0,3040,359.63,2543,497,380,0
1784779901,8,0,3032,359.00,2522,510,379,0
1784779902,8,0,3016,359.67,2490,526,377,0
1784779903,8,0,3024,360.03,2515,509,378,0
1784779904,8,0,3032,359.36,2526,506,379,0
1784779905,8,0,3016,358.41,2533,483,377,0
1784779906,8,0,3032,359.31,2494,538,379,0
1784779907,8,0,3016,358.73,2460,556,377,0
1784779908,8,0,3024,361.01,2422,602,378,0
1784779909,8,0,3024,361.70,2430,594,378,0
1784779910,8,0,3024,360.12,2445,579,378,0
1784779911,8,0,3024,359.20,2432,592,378,0
1784779912,8,0,3024,359.19,2428,596,378,0
1784779913,8,0,3016,360.42,2449,567,377,0
1784779914,8,0,3040,358.24,2485,555,380,0
1784779915,8,0,3032,357.64,2502,530,379,0
1784779916,8,0,3024,361.10,2473,551,378,0
1784779917,8,0,3024,361.50,2496,528,378,0
1784779918,8,0,3024,361.41,2465,559,378,0
1784779919,8,0,3016,360.41,2457,559,377,0
1784779920,8,0,3024,358.15,2474,550,378,0
1784779921,8,0,3024,358.19,2457,567,378,0
1784779922,8,0,3032,361.58,2484,548,379,0
1784779923,8,0,3000,359.50,2505,495,375,0
1784779924,8,0,3056,358.08,2526,530,382,0
1784779925,8,0,3024,360.61,2555,469,378,0
1784779926,8,0,3032,360.19,2553,479,379,0
1784779927,8,0,3016,360.09,2549,467,377,0
1784779928,8,0,3032,360.67,2547,485,379,0
1784779929,8,0,3024,359.78,2564,460,378,0
1784779930,8,0,3032,359.00,2533,499,379,0
1784779931,8,0,3024,359.00,2550,474,378,0
1784779932,8,0,3024,359.96,2548,476,378,0
1784779933,8,0,3032,360.64,2561,471,379,0
1784779934,8,0,3040,360.00,2583,457,380,0
1784779935,8,0,3024,359.20,2555,469,378,0
1784779936,8,0,3024,360.31,2563,461,378,0
1784779937,8,0,3048,359.93,2562,486,381,0
1784779938,8,0,3024,359.30,2566,458,378,0
1784779939,8,0,3024,360.00,2548,476,378,0
1784779940,8,0,3032,359.87,2571,461,379,0
1784779941,8,0,3024,359.29,2577,447,378,0
1784779942,8,0,3008,360.00,2548,460,376,0
1784779943,8,0,3032,359.36,2564,468,379,0
1784779944,8,0,3024,359.61,2562,462,378,0
1784779945,8,0,3032,360.00,2578,454,379,0
1784779946,8,0,3024,360.00,2551,473,378,0
1784779947,8,0,3024,359.96,2560,464,378,0
1784779948,8,0,3024,359.15,2557,467,378,0
1784779949,8,0,3024,360.00,2553,471,378,0
1784779950,8,0,3024,359.62,2541,483,378,0
1784779951,8,0,3032,359.97,2560,472,379,0
1784779952,8,0,3024,360.00,2560,464,378,0
1784779953,8,0,3032,360.00,2561,471,379,0
1784779954,8,0,3000,359.46,2530,470,375,0
1784779955,8,0,3056,359.55,2581,475,382,0
1784779956,8,0,3016,360.00,2550,466,377,0
1784779957,8,0,3024,360.00,2564,460,378,0
1784779958,8,0,3032,359.42,2569,463,379,0
1784779959,8,0,3024,359.59,2555,469,378,0
1784779960,8,0,3016,360.62,2557,459,377,0
1784779961,8,0,3024,359.49,2568,456,378,0
1784779962,8,0,3016,359.00,2551,465,377,0
1784779963,8,0,3024,359.45,2571,453,378,0
1784779964,8,0,3040,360.00,2587,453,380,0
1784779965,8,0,3024,359.97,2570,454,378,0
1784779966,8,0,3016,359.22,2564,452,377,0
1784779967,8,0,3032,359.53,2587,445,379,0
1784779968,8,0,3016,360.00,2559,457,377,0
1784779969,8,0,3024,360.60,2552,472,378,0
1784779970,8,0,3024,360.05,2545,479,378,0
1784779971,8,0,3024,359.47,2546,478,378,0
1784779972,8,0,3024,359.00,2563,461,378,0
1784779973,8,0,3016,359.67,2546,470,377,0
1784779974,8,0,3024,360.00,2575,449,378,0
1784779975,8,0,3024,359.45,2579,445,378,0
1784779976,8,0,3024,359.37,2576,448,378,0
1784779977,8,0,3032,360.00,2578,454,379,0
1784779978,8,0,3040,360.00,2594,446,380,0
1784779979,8,0,3024,360.00,2596,428,378,0
1784779980,8,0,3024,360.00,2571,453,378,0
1784779981,8,0,3024,359.89,2595,429,378,0
1784779982,8,0,3024,360.00,2588,436,378,0
1784779983,8,0,3024,359.32,2555,469,378,0
1784779984,8,0,3024,360.10,2542,482,378,0
1784779985,8,0,3048,360.03,2552,496,381,0
1784779986,8,0,3016,358.52,2551,465,377,0
1784779987,8,0,3024,359.61,2556,468,378,0
1784779988,8,0,3016,360.20,2553,463,377,0
1784779989,8,0,3024,360.84,2547,477,378,0
1784779990,8,0,3024,360.00,2542,482,378,0
1784779991,8,0,3024,359.15,2535,489,378,0
1784779992,8,0,3032,359.00,2550,482,379,0
1784779993,8,0,3016,359.60,2551,465,377,0
1784779994,8,0,3040,360.34,2573,467,380,0
1784779995,8,0,3040,360.58,2575,465,380,0
1784779996,8,0,3024,359.56,2551,473,378,0
1784779997,8,0,3016,359.49,2538,478,377,0
1784779998,8,0,3000,360.00,2531,469,375,0
1784779999,8,0,3064,359.68,2590,474,383,0
1784780000,8,0,3024,359.71,2552,472,378,0
1784780001,8,0,3032,360.55,2569,463,379,0
1784780002,8,0,3024,358.51,2565,459,378,0
1784780003,8,0,3024,359.46,2561,463,378,0
1784780005,8,0,3024,360.97,2538,486,378,0
1784780006,8,0,3040,359.69,2564,476,380,0
1784780007,8,0,3024,359.00,2533,491,378,0
1784780008,8,0,3024,359.82,2536,488,378,0
1784780009,8,0,3024,360.00,2534,490,378,0
1784780010,8,0,3016,360.00,2524,492,377,0
1784780011,8,0,3024,359.50,2528,496,378,0
1784780012,8,0,3016,359.88,2525,491,377,0
1784780013,8,0,3024,360.00,2539,485,378,0
1784780014,8,0,3024,359.51,2527,497,378,0
1784780015,8,0,3024,359.73,2552,472,378,0
1784780016,8,0,3024,360.00,2554,470,378,0
1784780017,8,0,3040,359.39,2579,461,380,0
1784780018,8,0,3024,359.00,2551,473,378,0
1784780019,8,0,3032,359.82,2561,471,379,0
1784780020,8,0,3024,360.57,2565,459,378,0
1784780021,8,0,3024,360.05,2567,457,378,0
1784780022,8,0,3032,359.45,2591,441,379,0
1784780023,8,0,3024,359.84,2575,449,378,0
1784780024,8,0,3016,360.16,2566,450,377,0
1784780025,8,0,3024,359.68,2582,442,378,0
1784780026,8,0,3024,359.00,2562,462,378,0
1784780027,8,0,3032,360.22,2576,456,379,0
1784780028,8,0,3032,360.44,2546,486,379,0
1784780029,8,0,3016,359.93,2562,454,377,0
1784780030,8,0,3024,359.60,2565,459,378,0
1784780031,8,0,3024,358.68,2566,458,378,0
1784780032,8,0,3032,359.26,2574,458,379,0
1784780033,8,0,3024,359.90,2577,447,378,0
1784780034,8,0,3024,360.50,2580,444,378,0
1784780035,8,0,3024,360.43,2586,438,378,0
1784780036,8,0,3024,359.30,2568,456,378,0
1784780037,8,0,3016,359.62,2589,427,377,0
1784780038,8,0,3032,359.12,2596,436,379,0
1784780039,8,0,3024,360.30,2614,410,378,0
1784780040,8,0,3032,360.36,2605,427,379,0
1784780041,8,0,3040,359.08,2599,441,380,0
1784780042,8,0,3016,359.29,2592,424,377,0
1784780043,8,0,3024,360.00,2598,426,378,0
1784780044,8,0,3024,360.00,2605,419,378,0
1784780045,8,0,3016,359.32,2591,425,377,0
1784780046,8,0,3024,359.43,2594,430,378,0
1784780047,8,0,3024,360.00,2604,420,378,0
1784780048,8,0,3024,359.70,2612,412,378,0
1784780049,8,0,3016,360.00,2597,419,377,0
1784780050,8,0,3032,359.84,2596,436,379,0
1784780051,8,0,3016,359.52,2588,428,377,0
1784780052,8,0,3032,359.17,2578,454,379,0
1784780053,8,0,3024,360.00,2587,437,378,0
1784780054,8,0,3024,359.73,2587,437,378,0
1784780055,8,0,3016,359.37,2564,452,377,0
1784780056,8,0,3024,360.00,2576,448,378,0
1784780057,8,0,3024,360.00,2589,435,378,0
1784780058,8,0,3032,360.00,2601,431,379,0
1784780059,8,0,3016,359.18,2561,455,377,0
1784780060,8,0,3024,359.11,2584,440,378,0
1784780061,8,0,3024,360.00,2589,435,378,0
1784780062,8,0,3016,360.00,2585,431,377,0
1784780063,8,0,3032,359.40,2602,430,379,0
1784780064,8,0,3040,359.17,2590,450,380,0
1784780065,8,0,3040,360.00,2594,446,380,0
1784780066,8,0,3016,360.00,2583,433,377,0
1784780067,8,0,3032,359.51,2608,424,379,0
1784780068,8,0,3024,359.53,2573,451,378,0
1784780069,8,0,3016,359.68,2576,440,377,0
1784780070,8,0,3024,360.00,2580,444,378,0
1784780071,8,0,3024,359.71,2558,466,378,0
1784780072,8,0,3024,359.47,2575,449,378,0
1784780073,8,0,3016,360.00,2545,471,377,0
1784780074,8,0,3024,360.00,2561,463,378,0
1784780075,8,0,3024,359.68,2560,464,378,0
1784780076,8,0,3016,359.00,2570,446,377,0
1784780077,8,0,3024,359.98,2563,461,378,0
1784780078,8,0,3032,360.00,2570,462,379,0
1784780079,8,0,3016,360.00,2561,455,377,0
1784780080,8,0,3024,360.00,2574,450,378,0
1784780081,8,0,3024,359.71,2584,440,378,0
1784780082,8,0,3024,360.00,2572,452,378,0
1784780083,8,0,3016,359.48,2571,445,377,0
1784780084,8,0,3024,359.79,2584,440,378,0
1784780085,8,0,3016,359.96,2579,437,377,0
1784780086,8,0,3032,359.92,2577,455,379,0
1784780087,8,0,3024,360.00,2578,446,378,0
1784780088,8,0,3032,359.20,2592,440,379,0
1784780089,8,0,3024,360.30,2567,457,378,0
1784780090,8,0,3024,360.00,2585,439,378,0
1784780091,8,0,3016,359.19,2583,433,377,0
1784780092,8,0,3024,360.00,2593,431,378,0
1784780093,8,0,3024,359.69,2564,460,378,0
1784780094,8,0,3032,359.67,2578,454,379,0
1784780095,8,0,3016,360.00,2563,453,377,0
1784780096,8,0,3024,359.55,2562,462,378,0
1784780097,8,0,3032,360.68,2611,421,379,0
1784780098,8,0,3032,359.85,2586,446,379,0
1784780099,8,0,3024,359.48,2509,515,378,0
1784780100,8,0,3024,356.15,2573,451,378,0
1784780101,8,0,3016,361.40,2573,443,377,0
1784780102,8,0,3032,362.04,2579,453,379,0
1784780103,8,0,3024,358.11,2552,472,378,0
1784780104,8,0,3024,357.63,2559,465,378,0
1784780105,8,0,3016,359.86,2569,447,377,0
1784780106,8,0,3032,363.55,2581,451,379,0
1784780107,8,0,3024,358.60,2565,459,378,0
1784780108,8,0,3040,356.68,2563,477,380,0
1784780109,8,0,3040,360.78,2530,510,380,0
1784780110,8,0,3024,361.43,2509,515,378,0
1784780111,8,0,3040,360.49,2511,529,380,0
1784780112,8,0,3024,359.00,2502,522,378,0
1784780113,8,0,3024,358.92,2472,552,378,0
1784780114,8,0,3024,359.38,2461,563,378,0
1784780115,8,0,3024,361.34,2471,553,378,0
1784780116,8,0,3032,360.00,2496,536,379,0
1784780117,8,0,3032,359.35,2471,561,379,0
1784780118,8,0,3032,359.42,2488,544,379,0
1784780119,8,0,3016,359.95,2492,524,377,0
1784780120,8,0,3032,359.96,2478,554,379,0
1784780121,8,0,3024,359.33,2469,555,378,0
1784780122,8,0,3024,360.22,2490,534,378,0
1784780123,8,0,3024,360.47,2489,535,378,0
1784780124,8,0,3016,359.52,2480,536,377,0
1784780125,8,0,3024,359.53,2471,553,378,0
1784780126,8,0,3024,359.37,2465,559,378,0
1784780127,8,0,3016,360.00,2472,544,377,0
1784780128,8,0,3032,360.00,2497,535,379,0
1784780129,8,0,3040,359.81,2509,531,380,0
1784780130,8,0,3032,359.26,2501,531,379,0
1784780131,8,0,3016,359.92,2479,537,377,0
1784780132,8,0,3024,360.00,2488,536,378,0
1784780133,8,0,3032,360.00,2498,534,379,0
1784780134,8,0,3024,359.52,2487,537,378,0
1784780135,8,0,3016,359.20,2471,545,377,0
1784780136,8,0,3024,359.88,2475,549,378,0
1784780137,8,0,3024,360.00,2495,529,378,0
1784780138,8,0,3032,359.59,2489,543,379,0
1784780139,8,0,3016,359.00,2488,528,377,0
1784780140,8,0,3040,359.85,2507,533,380,0
1784780141,8,0,3016,360.00,2470,546,377,0
1784780142,8,0,3032,360.00,2499,533,379,0
1784780143,8,0,3024,360.00,2480,544,378,0
1784780144,8,0,3040,359.71,2491,549,380,0
1784780145,8,0,3016,359.64,2477,539,377,0
1784780146,8,0,3016,360.00,2478,538,377,0
1784780147,8,0,3024,359.71,2473,551,378,0
1784780148,8,0,3040,359.79,2476,564,380,0
1784780149,8,0,3016,360.49,2461,555,377,0
1784780150,8,0,3032,359.65,2447,585,379,0
1784780151,8,0,3040,359.33,2482,558,380,0
1784780394,0,0,0,0.00,0,0,0,0
1784780395,0,0,0,0.00,0,0,0,0
1784780396,8,0,8,359.00,8,0,1,0
1784780397,8,0,3032,359.54,2455,577,379,0
1784780398,8,0,3016,360.00,2443,573,377,0
1784780399,8,0,3024,360.00,2477,547,378,0
1784780400,8,0,3024,359.27,2465,559,378,0
1784780401,8,0,3024,359.12,2510,514,378,0
1784780402,8,0,3024,359.78,2473,551,378,0
1784780403,8,0,3024,360.00,2455,569,378,0
1784780404,8,0,3024,360.00,2450,574,378,0
1784780405,8,0,3024,360.00,2464,560,378,0
1784780406,8,0,3016,360.00,2485,531,377,0
1784780407,8,0,3032,359.74,2489,543,379,0
1784780408,8,0,3024,359.20,2461,563,378,0
1784780409,8,0,3016,359.56,2465,551,377,0
1784780410,8,0,3016,360.94,2450,566,377,0
1784780411,8,0,3032,360.10,2466,566,379,0
1784780412,8,0,3016,359.00,2433,583,377,0
1784780413,8,0,3024,359.44,2398,626,378,0
1784780414,8,0,3032,356.85,2446,586,379,0
1784780415,8,0,3024,359.62,2457,567,378,0
1784780416,8,0,3024,362.68,2527,497,378,0
1784780417,8,0,3024,360.60,2500,524,378,0
1784780418,8,0,3048,358.43,2564,484,381,0
1784780419,8,0,3016,359.01,2535,481,377,0
1784780420,8,0,3024,360.00,2554,470,378,0
1784780421,8,0,3024,360.00,2541,483,378,0
1784780422,8,0,3016,360.29,2535,481,377,0
1784780427,0,0,0,0.00,0,0,0,0
1784780428,8,0,8,359.00,4,4,1,0
1784780429,8,0,3032,359.33,2554,478,379,0
1784780430,8,0,3016,360.00,2538,478,377,0
1784780431,8,0,3024,360.53,2549,475,378,0
1784780432,8,0,3024,359.75,2560,464,378,0
1784780433,8,0,3016,360.07,2547,469,377,0
1784780434,8,0,3024,360.00,2516,508,378,0
1784780435,8,0,3024,357.61,2501,523,378,0
1784780436,8,0,3024,356.53,2505,519,378,0
1784780437,8,0,3024,359.56,2515,509,378,0
1784780438,8,0,3016,361.22,2552,464,377,0
1784780439,8,0,3024,360.48,2554,470,378,0
1784780440,8,0,3024,359.52,2563,461,378,0
1784780441,8,0,3024,359.42,2573,451,378,0
1784780442,8,0,3024,360.00,2569,455,378,0
1784780443,8,0,3016,360.00,2579,437,377,0
1784780444,8,0,3024,360.00,2572,452,378,0
1784780445,8,0,3024,359.61,2588,436,378,0
1784780446,8,0,3016,359.00,2576,440,377,0
1784780447,8,0,3024,360.00,2567,457,378,0
1784780448,8,0,3024,360.00,2594,430,378,0
1784780449,8,0,3024,360.00,2564,460,378,0
1784780450,8,0,3024,360.00,2578,446,378,0
1784780451,8,0,3024,359.87,2581,443,378,0
1784780452,8,0,3016,360.09,2568,448,377,0
1784780453,8,0,3024,360.37,2572,452,378,0
1784780454,8,0,3024,359.76,2580,444,378,0
1784780455,8,0,3024,359.44,2581,443,378,0
1784780456,8,0,3024,359.09,2570,454,378,0
1784780457,8,0,3016,359.36,2557,459,377,0
1784780458,8,0,3032,360.03,2578,454,379,0
1784780459,8,0,3040,360.00,2587,453,380,0
1784780460,8,0,3024,360.00,2588,436,378,0
1784780461,8,0,3024,359.79,2559,465,378,0
1784780462,8,0,3024,359.00,2564,460,378,0
1784780463,8,0,3032,359.51,2573,459,379,0
1784780464,8,0,3024,359.82,2550,474,378,0
1784780465,8,0,3024,360.00,2571,453,378,0
1784780466,8,0,3024,359.24,2566,458,378,0
1784780467,8,0,3024,359.87,2563,461,378,0
1784780468,8,0,3024,360.00,2560,464,378,0
1784780469,8,0,3024,360.00,2588,436,378,0
1784780470,8,0,3024,360.00,2576,448,378,0
1784780471,8,0,3024,359.29,2578,446,378,0
1784780472,8,0,3024,360.00,2562,462,378,0
1784780473,8,0,3024,360.00,2567,457,378,0
1784780474,8,0,3016,359.96,2565,451,377,0
1784780475,8,0,3024,359.79,2537,487,378,0
1784780476,8,0,3024,359.84,2559,465,378,0
1784780477,8,0,3024,359.48,2551,473,378,0
1784780478,8,0,3032,360.00,2581,451,379,0
1784780479,8,0,3016,359.96,2581,435,377,0
1784780480,8,0,3024,359.62,2587,437,378,0
1784780482,8,0,3032,355.83,2541,491,379,0
1784780483,8,0,3016,361.95,2466,550,377,0
1784780484,8,0,3024,364.49,2458,566,378,0
1784780485,8,0,3024,359.11,2429,595,378,0
1784780486,8,0,3032,357.50,2430,602,379,0
1784780487,8,0,3024,357.96,2466,558,378,0
1784780488,8,0,3024,360.77,2462,562,378,0
1784780489,8,0,3024,361.11,2496,528,378,0
1784780490,8,0,3032,359.69,2537,495,379,0
1784780491,8,0,3024,358.38,2543,481,378,0
1784780492,8,0,3024,360.38,2550,474,378,0
1784780493,8,0,3024,362.00,2532,492,378,0
1784780494,8,0,3024,360.98,2541,483,378,0
1784780495,8,0,3024,358.28,2541,483,378,0
1784780496,8,0,3024,358.67,2533,491,378,0
1784780497,8,0,3024,360.10,2537,487,378,0
1784780498,8,0,3024,361.04,2563,461,378,0
1784780499,8,0,3040,360.31,2587,453,380,0
1784780500,8,0,3032,358.72,2575,457,379,0
1784780501,8,0,3024,359.81,2570,454,378,0
1784780502,8,0,3040,360.00,2583,457,380,0
1784780503,8,0,3016,360.00,2557,459,377,0
1784780504,8,0,3032,359.12,2563,469,379,0
1784780505,8,0,3024,359.79,2562,462,378,0
1784780506,8,0,3016,360.00,2556,460,377,0
1784780507,8,0,3032,360.00,2558,474,379,0
1784780508,8,0,3032,359.30,2559,473,379,0
1784780509,8,0,3032,359.00,2565,467,379,0
1784780510,8,0,3024,359.37,2548,476,378,0
1784780511,8,0,3024,360.00,2539,485,378,0
1784780512,8,0,3024,360.25,2526,498,378,0
1784780513,8,0,3016,359.41,2541,475,377,0
1784780514,8,0,3032,358.89,2558,474,379,0
1784780515,8,0,3024,360.94,2561,463,378,0
1784780516,8,0,3024,360.19,2593,431,378,0
1784780517,8,0,3016,359.00,2568,448,377,0
1784780518,8,0,3024,359.89,2558,466,378,0
1784780519,8,0,3024,359.67,2549,475,378,0
1784780520,8,0,3032,360.38,2576,456,379,0
1784780521,8,0,3024,360.93,2567,457,378,0
1784780522,8,0,3024,359.53,2591,433,378,0
1784780523,8,0,3032,359.00,2585,447,379,0
1784780524,8,0,3024,359.65,2575,449,378,0
1784780525,8,0,3032,360.00,2560,472,379,0
1784780526,8,0,3016,359.19,2563,453,377,0
1784780527,8,0,3032,359.75,2573,459,379,0
1784780528,8,0,3016,360.00,2560,456,377,0
1784780529,8,0,3040,360.00,2594,446,380,0
1784780530,8,0,3040,359.33,2612,428,380,0
1784780531,8,0,3016,359.47,2589,427,377,0
1784780532,8,0,3024,360.00,2588,436,378,0
1784780533,8,0,3024,359.70,2617,407,378,0
1784780534,8,0,3024,359.66,2613,411,378,0
1784780535,8,0,3016,359.70,2616,400,377,0
1784780536,8,0,3024,360.03,2602,422,378,0
1784780537,8,0,3024,359.41,2597,427,378,0
1784780538,8,0,3024,360.15,2589,435,378,0
1784780539,8,0,3016,360.00,2570,446,377,0
1784780540,8,0,3024,360.00,2570,454,378,0
1784780541,8,0,3024,359.68,2591,433,378,0
1784780542,8,0,3032,359.00,2619,413,379,0
1784780543,8,0,3024,359.44,2643,381,378,0
1784780544,8,0,3016,360.00,2587,429,377,0
1784780545,8,0,3032,360.00,2604,428,379,0
1784780546,8,0,3024,360.00,2612,412,378,0
1784780547,8,0,3024,360.00,2604,420,378,0
1784780548,8,0,3032,359.94,2589,443,379,0
1784780549,8,0,3024,359.56,2577,447,378,0
1784780550,8,0,3024,360.00,2619,405,378,0
1784780551,8,0,3032,360.69,2616,416,379,0
1784780552,8,0,3032,359.08,2615,417,379,0
1784780553,8,0,3024,359.30,2600,424,378,0
1784780554,8,0,3024,360.12,2613,411,378,0
1784780555,8,0,3024,360.00,2611,413,378,0
1784780556,8,0,3024,360.00,2609,415,378,0
1784780557,8,0,3016,359.64,2593,423,377,0
1784780558,8,0,3032,359.00,2608,424,379,0
1784780559,8,0,3024,359.44,2619,405,378,0
1784780560,8,0,3016,359.76,2616,400,377,0
1784780561,8,0,3032,360.00,2595,437,379,0
1784780562,8,0,3016,359.65,2603,413,377,0
1784780563,8,0,3032,359.42,2619,413,379,0
1784780564,8,0,3032,360.00,2641,391,379,0
1784780565,8,0,3024,360.00,2621,403,378,0
1784780566,8,0,3016,360.00,2609,407,377,0
1784780567,8,0,3040,359.03,2613,427,380,0
1784780568,8,0,3024,357.95,2532,492,378,0
1784780569,8,0,3024,358.93,2501,523,378,0
1784780570,8,0,3040,358.63,2508,532,380,0
1784780571,8,0,3024,360.05,2519,505,378,0
1784780572,8,0,3016,360.79,2524,492,377,0
1784780573,8,0,3040,359.71,2546,494,380,0
1784780574,8,0,3024,359.00,2555,469,378,0
1784780575,8,0,3024,359.23,2305,719,378,0
1784780576,8,0,3024,359.62,2025,999,378,0
1784780577,8,0,3024,359.34,2061,963,378,0
1784780578,8,0,3024,358.44,2163,861,378,0
1784780579,8,0,3016,356.89,2092,924,377,0
1784780580,8,0,3024,363.17,2102,922,378,0
1784780581,8,0,3024,367.07,2239,785,378,0
1784780582,8,0,3024,358.27,2203,821,378,0
1784780583,8,0,3024,354.59,2287,737,378,0
1784780584,8,0,3024,364.79,2194,830,378,0
1784780585,8,0,3024,369.03,2090,934,378,0
1784780586,8,0,3024,355.84,2127,897,378,0
1784780587,8,0,3024,352.84,2091,933,378,0
1784780588,8,0,3024,364.24,2059,965,378,0
1784780589,8,0,3032,366.46,1942,1090,379,0
1784780590,8,0,3024,360.76,1939,1085,378,0
1784780591,8,0,3040,358.67,1968,1072,380,0
1784780592,8,0,3024,359.76,2061,963,378,0
1784780593,8,0,3016,359.63,2141,875,377,0
1784780594,8,0,3024,357.48,2149,875,378,0
1784780595,8,0,3032,360.69,2070,962,379,0
1784780596,8,0,3024,362.69,1546,1478,378,0
1784780597,8,0,3016,351.18,1663,1353,377,0
1784780598,8,0,3024,367.01,1580,1444,378,0
1784780599,8,0,3024,363.14,1988,1036,378,0
1784780600,8,0,3016,360.23,1998,1018,377,0
1784780601,8,0,3032,367.35,2043,989,379,0
1784780602,8,0,3024,363.16,2025,999,378,0
1784780603,8,0,3032,351.17,2003,1029,379,0
1784780604,8,0,1184,354.60,812,372,148,0
1784780605,0,0,0,0.00,0,0,0,0
1784780606,0,0,0,0.00,0,0,0,0
1784780607,0,0,0,0.00,0,0,0,0
1784780608,0,0,0,0.00,0,0,0,0
1784780609,0,0,0,0.00,0,0,0,0
1784780610,0,0,0,0.00,0,0,0,0
1784780611,0,0,0,0.00,0,0,0,0
1784780612,0,0,0,0.00,0,0,0,0
1784780613,0,0,0,0.00,0,0,0,0
1784780614,0,0,0,0.00,0,0,0,0
1784780615,0,0,0,0.00,0,0,0,0
1784780616,0,0,0,0.00,0,0,0,0
1784780617,0,0,0,0.00,0,0,0,0
1784780618,0,0,0,0.00,0,0,0,0
1784780619,0,0,0,0.00,0,0,0,0
1784780620,0,0,0,0.00,0,0,0,0
1784780621,0,0,0,0.00,0,0,0,0
1784780622,0,0,0,0.00,0,0,0,0
1784780623,0,0,0,0.00,0,0,0,0
1784780624,0,0,0,0.00,0,0,0,0
1784780625,0,0,0,0.00,0,0,0,0
1784780626,0,0,0,0.00,0,0,0,0
1784780627,0,0,0,0.00,0,0,0,0
1784780628,0,0,0,0.00,0,0,0,0
1784780629,0,0,0,0.00,0,0,0,0
1784780630,0,0,0,0.00,0,0,0,0
1784780631,0,0,0,0.00,0,0,0,0
1784780632,0,0,0,0.00,0,0,0,0
1784780633,0,0,0,0.00,0,0,0,0
1784780634,0,0,0,0.00,0,0,0,0
1784780635,0,0,0,0.00,0,0,0,0
1784780636,0,0,0,0.00,0,0,0,0
1784780637,0,0,0,0.00,0,0,0,0
1784780638,0,0,0,0.00,0,0,0,0
1784780639,0,0,0,0.00,0,0,0,0
1784780640,0,0,0,0.00,0,0,0,0
1784780641,0,0,0,0.00,0,0,0,0
1784780642,0,0,0,0.00,0,0,0,0
1784780643,0,0,0,0.00,0,0,0,0
1784780644,0,0,0,0.00,0,0,0,0
1784780645,0,0,0,0.00,0,0,0,0
1784780646,0,0,0,0.00,0,0,0,0
1784780647,0,0,0,0.00,0,0,0,0
1784780648,0,0,0,0.00,0,0,0,0
1784780649,0,0,0,0.00,0,0,0,0
1784780650,0,0,0,0.00,0,0,0,0
1784780651,0,0,0,0.00,0,0,0,0
1784780652,0,0,0,0.00,0,0,0,0
1784780653,0,0,0,0.00,0,0,0,0
1784780654,0,0,0,0.00,0,0,0,0
1784780655,0,0,0,0.00,0,0,0,0
1784780656,0,0,0,0.00,0,0,0,0
1784780657,0,0,0,0.00,0,0,0,0
